{"errorCode":0,"errorDescription":null,"result":[{"tv":0,"isFancy":true,"isBm":false,"activeStatus":0,"sportsName":"cricket","sportId":"4","competitionName":"","totalMatched":0,"tvPid":0,"tvMapid":0,"port":0,"time":"2023-02-27T18:59:00Z","bet":0,"isInPlay":0,"usersOnline":0,"noOfBets":0,"session":"","unmatched":0,"id":1,"eventTypeId":"4","competitionId":-1309101891,"eventId":220720095610,"eventName":"test1 v test2","status":1,"markets":[],"gameId":421543302,"fancyInplay":0,"winTheTossInplay":0,"bookmakerInplay":1,"betLock":0,"activeFancy":0,"vir":0},{"tv":0,"isFancy":false,"isBm":false,"activeStatus":0,"sportsName":"cricket","sportId":"4","competitionName":"Plunket Shield","totalMatched":5.10454,"tvPid":0,"tvMapid":0,"port":0,"time":"2023-02-27T21:30:00Z","bet":0,"isInPlay":1,"usersOnline":0,"noOfBets":0,"session":"","unmatched":0,"id":1,"eventTypeId":"4","competitionId":11594839,"eventId":31821277,"eventName":"Northern Districts v Canterbury","status":1,"markets":[{"marketName":"Match Odds","gameId":421684765,"marketId":"1.210241776","runners":["Northern Districts","Canterbury","The Draw"],"open":1,"status":1,"isInPlay":1,"betDelay":5},{"marketName":"Tied Match","gameId":421684766,"marketId":"1.210241777","runners":["Yes","No"],"open":1,"status":1,"isInPlay":1,"betDelay":5}],"gameId":421684765,"fancyInplay":0,"winTheTossInplay":0,"bookmakerInplay":1,"betLock":0,"activeFancy":0,"vir":0},{"tv":0,"isFancy":false,"isBm":false,"activeStatus":0,"sportsName":"cricket","sportId":"4","competitionName":"Plunket Shield","totalMatched":0,"tvPid":0,"tvMapid":0,"port":0,"time":"2023-02-26T21:30:00Z","bet":0,"isInPlay":1,"usersOnline":0,"noOfBets":0,"session":"","unmatched":0,"id":1,"eventTypeId":"4","competitionId":11594839,"eventId":31821276,"eventName":"Otago v Wellington","status":1,"markets":[{"marketName":"Match Odds","gameId":421684769,"marketId":"1.210241774","runners":["Otago","Wellington","The Draw"],"open":1,"status":1,"isInPlay":1,"betDelay":5},{"marketName":"Tied Match","gameId":421684770,"marketId":"1.210241775","runners":["Yes","No"],"open":1,"status":1,"isInPlay":1,"betDelay":5}],"gameId":421684769,"fancyInplay":0,"winTheTossInplay":0,"bookmakerInplay":1,"betLock":0,"activeFancy":0,"vir":0},{"tv":0,"isFancy":true,"isBm":true,"activeStatus":0,"sportsName":"cricket","sportId":"4","competitionName":"Test Matches","totalMatched":0,"tvPid":0,"tvMapid":0,"port":0,"time":"2023-02-27T21:30:00Z","bet":0,"isInPlay":1,"usersOnline":0,"noOfBets":0,"session":"","unmatched":0,"id":1,"eventTypeId":"4","competitionId":11365612,"eventId":32124044,"eventName":"New Zealand v England","status":1,"markets":[{"marketName":"Match Odds","gameId":421685565,"marketId":"1.210294046","runners":["New Zealand","England","The Draw"],"open":1,"status":1,"isInPlay":1,"betDelay":5},{"marketName":"Tied Match","gameId":421685566,"marketId":"1.210294048","runners":["Yes","No"],"open":1,"status":1,"isInPlay":1,"betDelay":5},{"marketName":"To Win the Toss","gameId":421685589,"marketId":"1.210294053","runners":["New Zealand","England"],"open":1,"status":1,"isInPlay":0,"betDelay":5}],"gameId":421685565,"fancyInplay":1,"winTheTossInplay":0,"bookmakerInplay":1,"betLock":1,"activeFancy":0,"vir":0},{"tv":0,"isFancy":true,"isBm":true,"activeStatus":0,"sportsName":"cricket","sportId":"4","competitionName":"Test Matches","totalMatched":42727.8,"tvPid":0,"tvMapid":0,"port":0,"time":"2023-02-28T08:00:00Z","bet":0,"isInPlay":0,"usersOnline":0,"noOfBets":0,"session":"","unmatched":0,"id":1,"eventTypeId":"4","competitionId":11365612,"eventId":32113283,"eventName":"South Africa v West Indies","status":1,"markets":[{"marketName":"Match Odds","gameId":421690222,"marketId":"1.210124775","runners":["South Africa","West Indies","The Draw"],"open":1,"status":1,"isInPlay":0,"betDelay":5},{"marketName":"Tied Match","gameId":421690223,"marketId":"1.210124776","runners":["Yes","No"],"open":1,"status":1,"isInPlay":0,"betDelay":5},{"marketName":"To Win the Toss","gameId":421690224,"marketId":"1.210124782","runners":["South Africa","West Indies"],"open":1,"status":1,"isInPlay":0,"betDelay":5}],"gameId":421690222,"fancyInplay":0,"winTheTossInplay":0,"bookmakerInplay":1,"betLock":0,"activeFancy":0,"vir":0},{"tv":0,"isFancy":false,"isBm":true,"activeStatus":0,"sportsName":"cricket","sportId":"4","competitionName":"Test Matches","totalMatched":96065.1,"tvPid":0,"tvMapid":0,"port":0,"time":"2023-03-01T04:00:00Z","bet":0,"isInPlay":0,"usersOnline":0,"noOfBets":0,"session":"","unmatched":0,"id":1,"eventTypeId":"4","competitionId":11365612,"eventId":32122102,"eventName":"India v Australia","status":1,"markets":[{"marketName":"Match Odds","gameId":421691782,"marketId":"1.210257093","runners":["India","Australia","The Draw"],"open":1,"status":1,"isInPlay":0,"betDelay":5},{"marketName":"Tied Match","gameId":421691783,"marketId":"1.210257110","runners":["Yes","No"],"open":1,"status":1,"isInPlay":0,"betDelay":5},{"marketName":"To Win the Toss","gameId":421691784,"marketId":"1.210257136","runners":["India","Australia"],"open":1,"status":1,"isInPlay":0,"betDelay":5}],"gameId":421691782,"fancyInplay":0,"winTheTossInplay":0,"bookmakerInplay":1,"betLock":0,"activeFancy":0,"vir":0},{"tv":0,"isFancy":false,"isBm":true,"activeStatus":0,"sportsName":"cricket","sportId":"4","competitionName":"Pakistan Super League","totalMatched":5.29339,"tvPid":0,"tvMapid":0,"port":0,"time":"2023-03-01T14:00:00Z","bet":0,"isInPlay":0,"usersOnline":0,"noOfBets":0,"session":"","unmatched":0,"id":1,"eventTypeId":"4","competitionId":10693181,"eventId":32130783,"eventName":"Peshawar Zalmi v Karachi Kings","status":1,"markets":[{"marketName":"Match Odds","gameId":421692293,"marketId":"1.210383780","runners":["Peshawar Zalmi","Karachi Kings"],"open":1,"status":1,"isInPlay":0,"betDelay":5},{"marketName":"Tied Match","gameId":421692294,"marketId":"1.210383782","runners":["Yes","No"],"open":1,"status":1,"isInPlay":0,"betDelay":5},{"marketName":"To Win the Toss","gameId":421692295,"marketId":"1.210383784","runners":["Peshawar Zalmi","Karachi Kings"],"open":1,"status":1,"isInPlay":0,"betDelay":5}],"gameId":421692293,"fancyInplay":0,"winTheTossInplay":0,"bookmakerInplay":1,"betLock":0,"activeFancy":0,"vir":0},{"tv":0,"isFancy":false,"isBm":true,"activeStatus":0,"sportsName":"cricket","sportId":"4","competitionName":"Pakistan Super League","totalMatched":0,"tvPid":0,"tvMapid":0,"port":0,"time":"2023-03-02T14:00:00Z","bet":0,"isInPlay":0,"usersOnline":0,"noOfBets":0,"session":"","unmatched":0,"id":1,"eventTypeId":"4","competitionId":10693181,"eventId":32132449,"eventName":"Lahore Qalandars v Quetta Gladiators","status":1,"markets":[{"marketName":"Match Odds","gameId":421694641,"marketId":"1.210409363","runners":["Lahore Qalandars","Quetta Gladiators"],"open":1,"status":1,"isInPlay":0,"betDelay":5},{"marketName":"Tied Match","gameId":421694642,"marketId":"1.210409365","runners":["Yes","No"],"open":1,"status":1,"isInPlay":0,"betDelay":5},{"marketName":"To Win the Toss","gameId":421694643,"marketId":"1.210409367","runners":["Lahore Qalandars","Quetta Gladiators"],"open":1,"status":1,"isInPlay":0,"betDelay":5}],"gameId":421694641,"fancyInplay":0,"winTheTossInplay":0,"bookmakerInplay":1,"betLock":0,"activeFancy":0,"vir":0},{"tv":0,"isFancy":true,"isBm":false,"activeStatus":0,"sportsName":"cricket","sportId":"4","competitionName":"","totalMatched":0,"tvPid":0,"tvMapid":0,"port":0,"time":"2023-02-27T18:59:00Z","bet":0,"isInPlay":1,"usersOnline":0,"noOfBets":0,"session":"","unmatched":0,"id":1,"eventTypeId":"4","competitionId":-851586281,"eventId":230225061422,"eventName":"Warriors v Knights","status":1,"markets":[{"marketName":"Match Odds","gameId":421695045,"marketId":"1.230225061422","runners":["Warriors","Knights","The Draw"],"open":1,"status":1,"isInPlay":1,"betDelay":5}],"gameId":421695045,"fancyInplay":0,"winTheTossInplay":0,"bookmakerInplay":1,"betLock":0,"activeFancy":0,"vir":0},{"tv":0,"isFancy":false,"isBm":false,"activeStatus":0,"sportsName":"cricket","sportId":"4","competitionName":"Pakistan Super League","totalMatched":262.41,"tvPid":0,"tvMapid":0,"port":0,"time":"2023-03-03T14:00:00Z","bet":0,"isInPlay":0,"usersOnline":0,"noOfBets":0,"session":"","unmatched":0,"id":1,"eventTypeId":"4","competitionId":10693181,"eventId":32134962,"eventName":"Islamabad United v Karachi Kings","status":1,"markets":[{"marketName":"Match Odds","gameId":421696699,"marketId":"1.210439178","runners":["Islamabad United","Karachi Kings"],"open":1,"status":1,"isInPlay":0,"betDelay":5},{"marketName":"Tied Match","gameId":421696700,"marketId":"1.210439180","runners":["Yes","No"],"open":1,"status":1,"isInPlay":0,"betDelay":5},{"marketName":"To Win the Toss","gameId":421696701,"marketId":"1.210439182","runners":["Islamabad United","Karachi Kings"],"open":1,"status":1,"isInPlay":0,"betDelay":5}],"gameId":421696699,"fancyInplay":0,"winTheTossInplay":0,"bookmakerInplay":1,"betLock":0,"activeFancy":0,"vir":0},{"tv":0,"isFancy":false,"isBm":true,"activeStatus":0,"sportsName":"cricket","sportId":"4","competitionName":"One Day Internationals","totalMatched":0,"tvPid":0,"tvMapid":0,"port":0,"time":"2023-03-01T08:30:00Z","bet":0,"isInPlay":0,"usersOnline":0,"noOfBets":0,"session":"","unmatched":0,"id":1,"eventTypeId":"4","competitionId":9962116,"eventId":32144074,"eventName":"Bangladesh v England","status":1,"markets":[{"marketName":"Match Odds","gameId":421698230,"marketId":"1.210607838","runners":["Bangladesh","England"],"open":1,"status":1,"isInPlay":0,"betDelay":5},{"marketName":"Tied Match","gameId":421698231,"marketId":"1.210607841","runners":["Yes","No"],"open":1,"status":1,"isInPlay":0,"betDelay":5},{"marketName":"To Win the Toss","gameId":421698232,"marketId":"1.210607844","runners":["Bangladesh","England"],"open":1,"status":1,"isInPlay":0,"betDelay":5}],"gameId":421698230,"fancyInplay":0,"winTheTossInplay":0,"bookmakerInplay":1,"betLock":0,"activeFancy":0,"vir":0},{"tv":0,"isFancy":false,"isBm":false,"activeStatus":0,"sportsName":"cricket","sportId":"4","competitionName":"ICC World Cricket League Matches","totalMatched":0,"tvPid":0,"tvMapid":0,"port":0,"time":"2023-02-28T06:00:00Z","bet":0,"isInPlay":0,"usersOnline":0,"noOfBets":0,"session":"","unmatched":0,"id":1,"eventTypeId":"4","competitionId":10910464,"eventId":32144675,"eventName":"UAE v Papua New Guinea","status":1,"markets":[{"marketName":"Match Odds","gameId":421698848,"marketId":"1.210626554","runners":["UAE","Papua New Guinea"],"open":1,"status":1,"isInPlay":0,"betDelay":5},{"marketName":"Tied Match","gameId":421698849,"marketId":"1.210626555","runners":["Yes","No"],"open":1,"status":1,"isInPlay":0,"betDelay":5}],"gameId":421698848,"fancyInplay":0,"winTheTossInplay":0,"bookmakerInplay":1,"betLock":0,"activeFancy":0,"vir":0},{"tv":0,"isFancy":false,"isBm":false,"activeStatus":0,"sportsName":"cricket","sportId":"4","competitionName":"ICC World Cricket League Matches","totalMatched":0,"tvPid":0,"tvMapid":0,"port":0,"time":"2023-03-02T06:00:00Z","bet":0,"isInPlay":0,"usersOnline":0,"noOfBets":0,"session":"","unmatched":0,"id":1,"eventTypeId":"4","competitionId":10910464,"eventId":32144676,"eventName":"UAE v Nepal","status":1,"markets":[{"marketName":"Match Odds","gameId":421698851,"marketId":"1.210627011","runners":["UAE","Nepal"],"open":1,"status":1,"isInPlay":0,"betDelay":5},{"marketName":"Tied Match","gameId":421698852,"marketId":"1.210627012","runners":["Yes","No"],"open":1,"status":1,"isInPlay":0,"betDelay":5}],"gameId":421698851,"fancyInplay":0,"winTheTossInplay":0,"bookmakerInplay":1,"betLock":0,"activeFancy":0,"vir":0},{"tv":0,"isFancy":false,"isBm":false,"activeStatus":0,"sportsName":"cricket","sportId":"4","competitionName":"Pakistan Super League","totalMatched":0,"tvPid":0,"tvMapid":0,"port":0,"time":"2023-03-04T14:00:00Z","bet":0,"isInPlay":0,"usersOnline":0,"noOfBets":0,"session":"","unmatched":0,"id":1,"eventTypeId":"4","competitionId":10693181,"eventId":32144655,"eventName":"Lahore Qalandars v Multan Sultans","status":1,"markets":[{"marketName":"Match Odds","gameId":421698922,"marketId":"1.210624335","runners":["Lahore Qalandars","Multan Sultans"],"open":1,"status":1,"isInPlay":0,"betDelay":5},{"marketName":"Tied Match","gameId":421698923,"marketId":"1.210624337","runners":["Yes","No"],"open":1,"status":1,"isInPlay":0,"betDelay":5},{"marketName":"To Win the Toss","gameId":421698924,"marketId":"1.210624339","runners":["Lahore Qalandars","Multan Sultans"],"open":1,"status":1,"isInPlay":0,"betDelay":5}],"gameId":421698922,"fancyInplay":0,"winTheTossInplay":0,"bookmakerInplay":1,"betLock":0,"activeFancy":0,"vir":0},{"tv":0,"isFancy":false,"isBm":false,"activeStatus":0,"sportsName":"cricket","sportId":"4","competitionName":"Womens Premier League","totalMatched":8.40856,"tvPid":0,"tvMapid":0,"port":0,"time":"2023-03-04T14:00:00Z","bet":0,"isInPlay":0,"usersOnline":0,"noOfBets":0,"session":"","unmatched":0,"id":1,"eventTypeId":"4","competitionId":12559935,"eventId":32127029,"eventName":"Gujarat Giants Women v Mumbai Indians Women","status":1,"markets":[{"marketName":"Match Odds","gameId":421698925,"marketId":"1.210323950","runners":["Gujarat Giants Women","Mumbai Indians Women"],"open":1,"status":1,"isInPlay":0,"betDelay":5},{"marketName":"Tied Match","gameId":421698926,"marketId":"1.210323952","runners":["Yes","No"],"open":1,"status":1,"isInPlay":0,"betDelay":5}],"gameId":421698925,"fancyInplay":0,"winTheTossInplay":0,"bookmakerInplay":1,"betLock":0,"activeFancy":0,"vir":0},{"tv":0,"isFancy":false,"isBm":false,"activeStatus":0,"sportsName":"soccer","sportId":"1","competitionName":"English Championship","totalMatched":21051.7,"tvPid":0,"tvMapid":0,"port":0,"time":"2023-02-27T20:00:00Z","bet":0,"isInPlay":0,"usersOnline":0,"noOfBets":0,"session":"","unmatched":0,"id":1,"eventTypeId":"1","competitionId":7129730,"eventId":32113530,"eventName":"Swansea v Rotherham","status":1,"markets":[{"marketName":"Match Odds","gameId":421689776,"marketId":"1.210127874","runners":["Swansea","Rotherham","The Draw"],"open":1,"status":1,"isInPlay":0,"betDelay":5},{"marketName":"Over/Under 2.5 Goals","gameId":421694976,"marketId":"1.210127884","runners":["Under 2.5 Goals","Over 2.5 Goals"],"open":1,"status":1,"isInPlay":0,"betDelay":5},{"marketName":"Over/Under 3.5 Goals","gameId":421695179,"marketId":"1.210127830","runners":["Under 3.5 Goals","Over 3.5 Goals"],"open":1,"status":1,"isInPlay":0,"betDelay":5},{"marketName":"Over/Under 0.5 Goals","gameId":421695180,"marketId":"1.210127878","runners":["Under 0.5 Goals","Over 0.5 Goals"],"open":1,"status":1,"isInPlay":0,"betDelay":5},{"marketName":"Over/Under 1.5 Goals","gameId":421695181,"marketId":"1.210127888","runners":["Under 1.5 Goals","Over 1.5 Goals"],"open":1,"status":1,"isInPlay":0,"betDelay":5}],"gameId":421689776,"fancyInplay":0,"winTheTossInplay":0,"bookmakerInplay":1,"betLock":0,"activeFancy":0,"vir":0},{"tv":0,"isFancy":false,"isBm":false,"activeStatus":0,"sportsName":"soccer","sportId":"1","competitionName":"Italian Serie A","totalMatched":10373.1,"tvPid":0,"tvMapid":0,"port":0,"time":"2023-02-27T17:30:00Z","bet":0,"isInPlay":1,"usersOnline":0,"noOfBets":0,"session":"","unmatched":0,"id":1,"eventTypeId":"1","competitionId":81,"eventId":32104143,"eventName":"Verona v Fiorentina","status":1,"markets":[{"marketName":"Match Odds","gameId":421695024,"marketId":"1.209970830","runners":["Verona","Fiorentina","The Draw"],"open":1,"status":1,"isInPlay":1,"betDelay":5},{"marketName":"Over/Under 2.5 Goals","gameId":421695025,"marketId":"1.209970814","runners":["Under 2.5 Goals","Over 2.5 Goals"],"open":1,"status":1,"isInPlay":1,"betDelay":5},{"marketName":"Over/Under 1.5 Goals","gameId":421695026,"marketId":"1.209970817","runners":["Under 1.5 Goals","Over 1.5 Goals"],"open":1,"status":1,"isInPlay":1,"betDelay":5},{"marketName":"Over/Under 0.5 Goals","gameId":421695027,"marketId":"1.209970835","runners":["Under 0.5 Goals","Over 0.5 Goals"],"open":1,"status":1,"isInPlay":1,"betDelay":5},{"marketName":"Over/Under 3.5 Goals","gameId":421695028,"marketId":"1.209970878","runners":["Under 3.5 Goals","Over 3.5 Goals"],"open":1,"status":1,"isInPlay":1,"betDelay":5}],"gameId":421695024,"fancyInplay":0,"winTheTossInplay":0,"bookmakerInplay":1,"betLock":0,"activeFancy":0,"vir":0},{"tv":0,"isFancy":false,"isBm":false,"activeStatus":0,"sportsName":"soccer","sportId":"1","competitionName":"English Championship","totalMatched":43924.1,"tvPid":0,"tvMapid":0,"port":0,"time":"2023-02-28T19:45:00Z","bet":0,"isInPlay":0,"usersOnline":0,"noOfBets":0,"session":"","unmatched":0,"id":1,"eventTypeId":"1","competitionId":7129730,"eventId":32127363,"eventName":"Preston v Coventry","status":1,"markets":[{"marketName":"Match Odds","gameId":421695088,"marketId":"1.210328364","runners":["Preston","Coventry","The Draw"],"open":1,"status":1,"isInPlay":0,"betDelay":5},{"marketName":"Over/Under 2.5 Goals","gameId":421695170,"marketId":"1.210328374","runners":["Under 2.5 Goals","Over 2.5 Goals"],"open":1,"status":1,"isInPlay":0,"betDelay":5},{"marketName":"Over/Under 3.5 Goals","gameId":421697544,"marketId":"1.210328283","runners":["Under 3.5 Goals","Over 3.5 Goals"],"open":1,"status":1,"isInPlay":0,"betDelay":5},{"marketName":"Over/Under 0.5 Goals","gameId":421697545,"marketId":"1.210328368","runners":["Under 0.5 Goals","Over 0.5 Goals"],"open":1,"status":1,"isInPlay":0,"betDelay":5},{"marketName":"Over/Under 1.5 Goals","gameId":421697546,"marketId":"1.210328378","runners":["Under 1.5 Goals","Over 1.5 Goals"],"open":1,"status":1,"isInPlay":0,"betDelay":5}],"gameId":421695088,"fancyInplay":0,"winTheTossInplay":0,"bookmakerInplay":1,"betLock":0,"activeFancy":0,"vir":0},{"tv":0,"isFancy":false,"isBm":false,"activeStatus":0,"sportsName":"soccer","sportId":"1","competitionName":"English Premier League","totalMatched":10113.1,"tvPid":0,"tvMapid":0,"port":0,"time":"2023-03-01T19:45:00Z","bet":0,"isInPlay":0,"usersOnline":0,"noOfBets":0,"session":"","unmatched":0,"id":1,"eventTypeId":"1","competitionId":10932509,"eventId":32116815,"eventName":"Arsenal v Everton","status":1,"markets":[{"marketName":"Match Odds","gameId":421695296,"marketId":"1.210173294","runners":["Arsenal","Everton","The Draw"],"open":1,"status":1,"isInPlay":0,"betDelay":5},{"marketName":"Over/Under 2.5 Goals","gameId":421695297,"marketId":"1.210173233","runners":["Over 2.5 Goals","Under 2.5 Goals"],"open":1,"status":1,"isInPlay":0,"betDelay":5},{"marketName":"Over/Under 0.5 Goals","gameId":421695298,"marketId":"1.210173299","runners":["Over 0.5 Goals","Under 0.5 Goals"],"open":1,"status":1,"isInPlay":0,"betDelay":5},{"marketName":"Over/Under 1.5 Goals","gameId":421697549,"marketId":"1.210173237","runners":["Under 1.5 Goals","Over 1.5 Goals"],"open":1,"status":1,"isInPlay":0,"betDelay":5},{"marketName":"Over/Under 3.5 Goals","gameId":421697550,"marketId":"1.210173246","runners":["Over 3.5 Goals","Under 3.5 Goals"],"open":1,"status":1,"isInPlay":0,"betDelay":5}],"gameId":421695296,"fancyInplay":0,"winTheTossInplay":0,"bookmakerInplay":1,"betLock":0,"activeFancy":0,"vir":0},{"tv":0,"isFancy":false,"isBm":false,"activeStatus":0,"sportsName":"soccer","sportId":"1","competitionName":"English Premier League","totalMatched":10671.9,"tvPid":0,"tvMapid":0,"port":0,"time":"2023-03-01T20:00:00Z","bet":0,"isInPlay":0,"usersOnline":0,"noOfBets":0,"session":"","unmatched":0,"id":1,"eventTypeId":"1","competitionId":10932509,"eventId":32116872,"eventName":"Liverpool v Wolves","status":1,"markets":[{"marketName":"Match Odds","gameId":421695820,"marketId":"1.210173152","runners":["Liverpool","Wolves","The Draw"],"open":1,"status":1,"isInPlay":0,"betDelay":5},{"marketName":"Over/Under 2.5 Goals","gameId":421695821,"marketId":"1.210173091","runners":["Under 2.5 Goals","Over 2.5 Goals"],"open":1,"status":1,"isInPlay":0,"betDelay":5},{"marketName":"Over/Under 0.5 Goals","gameId":421695822,"marketId":"1.210173157","runners":["Under 0.5 Goals","Over 0.5 Goals"],"open":1,"status":1,"isInPlay":0,"betDelay":5},{"marketName":"Over/Under 1.5 Goals","gameId":421697558,"marketId":"1.210173095","runners":["Under 1.5 Goals","Over 1.5 Goals"],"open":1,"status":1,"isInPlay":0,"betDelay":5},{"marketName":"Over/Under 3.5 Goals","gameId":421697559,"marketId":"1.210173104","runners":["Under 3.5 Goals","Over 3.5 Goals"],"open":1,"status":1,"isInPlay":0,"betDelay":5}],"gameId":421695820,"fancyInplay":0,"winTheTossInplay":0,"bookmakerInplay":1,"betLock":0,"activeFancy":0,"vir":0},{"tv":0,"isFancy":false,"isBm":false,"activeStatus":0,"sportsName":"soccer","sportId":"1","competitionName":"English FA Cup","totalMatched":10699.9,"tvPid":0,"tvMapid":0,"port":0,"time":"2023-02-28T20:00:00Z","bet":0,"isInPlay":0,"usersOnline":0,"noOfBets":0,"session":"","unmatched":0,"id":1,"eventTypeId":"1","competitionId":30558,"eventId":32075262,"eventName":"Bristol City v Man City","status":1,"markets":[{"marketName":"Match Odds","gameId":421696111,"marketId":"1.209483208","runners":["Bristol City","Man City","The Draw"],"open":1,"status":1,"isInPlay":0,"betDelay":5},{"marketName":"Over/Under 2.5 Goals","gameId":421696112,"marketId":"1.209483192","runners":["Under 2.5 Goals","Over 2.5 Goals"],"open":1,"status":1,"isInPlay":0,"betDelay":5},{"marketName":"Over/Under 0.5 Goals","gameId":421696113,"marketId":"1.209483213","runners":["Under 0.5 Goals","Over 0.5 Goals"],"open":1,"status":1,"isInPlay":0,"betDelay":5},{"marketName":"Over/Under 1.5 Goals","gameId":421697547,"marketId":"1.209483195","runners":["Under 1.5 Goals","Over 1.5 Goals"],"open":1,"status":1,"isInPlay":0,"betDelay":5},{"marketName":"Over/Under 3.5 Goals","gameId":421697548,"marketId":"1.209483256","runners":["Under 3.5 Goals","Over 3.5 Goals"],"open":1,"status":1,"isInPlay":0,"betDelay":5}],"gameId":421696111,"fancyInplay":0,"winTheTossInplay":0,"bookmakerInplay":1,"betLock":0,"activeFancy":0,"vir":0},{"tv":0,"isFancy":false,"isBm":false,"activeStatus":0,"sportsName":"soccer","sportId":"1","competitionName":"Italian Serie A","totalMatched":10710.4,"tvPid":0,"tvMapid":0,"port":0,"time":"2023-02-27T19:45:00Z","bet":0,"isInPlay":0,"usersOnline":0,"noOfBets":0,"session":"","unmatched":0,"id":1,"eventTypeId":"1","competitionId":81,"eventId":32104145,"eventName":"Lazio v Sampdoria","status":1,"markets":[{"marketName":"Match Odds","gameId":421696476,"marketId":"1.209970590","runners":["Lazio","Sampdoria","The Draw"],"open":1,"status":1,"isInPlay":0,"betDelay":5},{"marketName":"Over/Under 2.5 Goals","gameId":421696477,"marketId":"1.209970574","runners":["Under 2.5 Goals","Over 2.5 Goals"],"open":1,"status":1,"isInPlay":0,"betDelay":5},{"marketName":"Over/Under 1.5 Goals","gameId":421696478,"marketId":"1.209970577","runners":["Under 1.5 Goals","Over 1.5 Goals"],"open":1,"status":1,"isInPlay":0,"betDelay":5},{"marketName":"Over/Under 0.5 Goals","gameId":421696479,"marketId":"1.209970595","runners":["Under 0.5 Goals","Over 0.5 Goals"],"open":1,"status":1,"isInPlay":0,"betDelay":5},{"marketName":"Over/Under 3.5 Goals","gameId":421696480,"marketId":"1.209970638","runners":["Under 3.5 Goals","Over 3.5 Goals"],"open":1,"status":1,"isInPlay":0,"betDelay":5}],"gameId":421696476,"fancyInplay":0,"winTheTossInplay":0,"bookmakerInplay":1,"betLock":0,"activeFancy":0,"vir":0},{"tv":0,"isFancy":false,"isBm":false,"activeStatus":0,"sportsName":"soccer","sportId":"1","competitionName":"Dutch Eredivisie","totalMatched":16806.6,"tvPid":0,"tvMapid":0,"port":0,"time":"2023-03-03T19:00:00Z","bet":0,"isInPlay":0,"usersOnline":0,"noOfBets":0,"session":"","unmatched":0,"id":1,"eventTypeId":"1","competitionId":9404054,"eventId":32137038,"eventName":"FC Utrecht v Fortuna Sittard","status":1,"markets":[{"marketName":"Match Odds","gameId":421697419,"marketId":"1.210473708","runners":["FC Utrecht","Fortuna Sittard","The Draw"],"open":1,"status":1,"isInPlay":0,"betDelay":5}],"gameId":421697419,"fancyInplay":0,"winTheTossInplay":0,"bookmakerInplay":1,"betLock":0,"activeFancy":0,"vir":0},{"tv":0,"isFancy":false,"isBm":false,"activeStatus":0,"sportsName":"soccer","sportId":"1","competitionName":"Italian Serie A","totalMatched":10090.8,"tvPid":0,"tvMapid":0,"port":0,"time":"2023-02-28T17:30:00Z","bet":0,"isInPlay":0,"usersOnline":0,"noOfBets":0,"session":"","unmatched":0,"id":1,"eventTypeId":"1","competitionId":81,"eventId":32104150,"eventName":"US Cremonese v Roma","status":1,"markets":[{"marketName":"Match Odds","gameId":421697606,"marketId":"1.209967968","runners":["US Cremonese","Roma","The Draw"],"open":1,"status":1,"isInPlay":0,"betDelay":5},{"marketName":"Over/Under 2.5 Goals","gameId":421697607,"marketId":"1.209967879","runners":["Under 2.5 Goals","Over 2.5 Goals"],"open":1,"status":1,"isInPlay":0,"betDelay":5},{"marketName":"Over/Under 1.5 Goals","gameId":421697608,"marketId":"1.209967884","runners":["Under 1.5 Goals","Over 1.5 Goals"],"open":1,"status":1,"isInPlay":0,"betDelay":5},{"marketName":"Over/Under 0.5 Goals","gameId":421697609,"marketId":"1.209968010","runners":["Under 0.5 Goals","Over 0.5 Goals"],"open":1,"status":1,"isInPlay":0,"betDelay":5},{"marketName":"Over/Under 3.5 Goals","gameId":421697610,"marketId":"1.209968168","runners":["Under 3.5 Goals","Over 3.5 Goals"],"open":1,"status":1,"isInPlay":0,"betDelay":5}],"gameId":421697606,"fancyInplay":0,"winTheTossInplay":0,"bookmakerInplay":1,"betLock":0,"activeFancy":0,"vir":0},{"tv":0,"isFancy":false,"isBm":false,"activeStatus":0,"sportsName":"soccer","sportId":"1","competitionName":"Spanish La Liga","totalMatched":10045.2,"tvPid":0,"tvMapid":0,"port":0,"time":"2023-02-27T20:00:00Z","bet":0,"isInPlay":0,"usersOnline":0,"noOfBets":0,"session":"","unmatched":0,"id":1,"eventTypeId":"1","competitionId":117,"eventId":32103573,"eventName":"Villarreal v Getafe","status":1,"markets":[{"marketName":"Match Odds","gameId":421697700,"marketId":"1.209956748","runners":["Villarreal","Getafe","The Draw"],"open":1,"status":1,"isInPlay":0,"betDelay":5},{"marketName":"Over/Under 2.5 Goals","gameId":421697701,"marketId":"1.209956732","runners":["Under 2.5 Goals","Over 2.5 Goals"],"open":1,"status":1,"isInPlay":0,"betDelay":5},{"marketName":"Over/Under 1.5 Goals","gameId":421697702,"marketId":"1.209956735","runners":["Under 1.5 Goals","Over 1.5 Goals"],"open":1,"status":1,"isInPlay":0,"betDelay":5},{"marketName":"Over/Under 0.5 Goals","gameId":421697703,"marketId":"1.209956753","runners":["Over 0.5 Goals","Under 0.5 Goals"],"open":1,"status":1,"isInPlay":0,"betDelay":5},{"marketName":"Over/Under 3.5 Goals","gameId":421697704,"marketId":"1.209956796","runners":["Over 3.5 Goals","Under 3.5 Goals"],"open":1,"status":1,"isInPlay":0,"betDelay":5}],"gameId":421697700,"fancyInplay":0,"winTheTossInplay":0,"bookmakerInplay":1,"betLock":0,"activeFancy":0,"vir":0},{"tv":0,"isFancy":false,"isBm":false,"activeStatus":0,"sportsName":"soccer","sportId":"1","competitionName":"Australian A-League Men","totalMatched":58491.4,"tvPid":0,"tvMapid":0,"port":0,"time":"2023-03-04T02:00:00Z","bet":0,"isInPlay":0,"usersOnline":0,"noOfBets":0,"session":"","unmatched":0,"id":1,"eventTypeId":"1","competitionId":12117172,"eventId":32122459,"eventName":"Wellington Phoenix v Newcastle Jets","status":1,"markets":[{"marketName":"Match Odds","gameId":421697886,"marketId":"1.210284159","runners":["Wellington Phoenix","Newcastle Jets","The Draw"],"open":1,"status":1,"isInPlay":0,"betDelay":5},{"marketName":"Over/Under 1.5 Goals","gameId":421697887,"marketId":"1.210284161","runners":["Over 1.5 Goals","Under 1.5 Goals"],"open":1,"status":1,"isInPlay":0,"betDelay":5},{"marketName":"Over/Under 2.5 Goals","gameId":421697888,"marketId":"1.210284162","runners":["Over 2.5 Goals","Under 2.5 Goals"],"open":1,"status":1,"isInPlay":0,"betDelay":5},{"marketName":"Over/Under 3.5 Goals","gameId":421697889,"marketId":"1.210284163","runners":["Under 3.5 Goals","Over 3.5 Goals"],"open":1,"status":1,"isInPlay":0,"betDelay":5},{"marketName":"Over/Under 0.5 Goals","gameId":421697890,"marketId":"1.210284205","runners":["Under 0.5 Goals","Over 0.5 Goals"],"open":1,"status":1,"isInPlay":0,"betDelay":5}],"gameId":421697886,"fancyInplay":0,"winTheTossInplay":0,"bookmakerInplay":1,"betLock":0,"activeFancy":0,"vir":0},{"tv":0,"isFancy":false,"isBm":false,"activeStatus":0,"sportsName":"soccer","sportId":"1","competitionName":"Italian Serie A","totalMatched":10007.4,"tvPid":0,"tvMapid":0,"port":0,"time":"2023-02-28T19:45:00Z","bet":0,"isInPlay":0,"usersOnline":0,"noOfBets":0,"session":"","unmatched":0,"id":1,"eventTypeId":"1","competitionId":81,"eventId":32104147,"eventName":"Juventus v Torino","status":1,"markets":[{"marketName":"Match Odds","gameId":421698080,"marketId":"1.209970470","runners":["Juventus","Torino","The Draw"],"open":1,"status":1,"isInPlay":0,"betDelay":5},{"marketName":"Over/Under 2.5 Goals","gameId":421698081,"marketId":"1.209970454","runners":["Over 2.5 Goals","Under 2.5 Goals"],"open":1,"status":1,"isInPlay":0,"betDelay":5},{"marketName":"Over/Under 1.5 Goals","gameId":421698082,"marketId":"1.209970457","runners":["Under 1.5 Goals","Over 1.5 Goals"],"open":1,"status":1,"isInPlay":0,"betDelay":5},{"marketName":"Over/Under 0.5 Goals","gameId":421698083,"marketId":"1.209970475","runners":["Under 0.5 Goals","Over 0.5 Goals"],"open":1,"status":1,"isInPlay":0,"betDelay":5},{"marketName":"Over/Under 3.5 Goals","gameId":421698084,"marketId":"1.209970518","runners":["Under 3.5 Goals","Over 3.5 Goals"],"open":1,"status":1,"isInPlay":0,"betDelay":5}],"gameId":421698080,"fancyInplay":0,"winTheTossInplay":0,"bookmakerInplay":1,"betLock":0,"activeFancy":0,"vir":0},{"tv":0,"isFancy":false,"isBm":false,"activeStatus":0,"sportsName":"soccer","sportId":"1","competitionName":"Portuguese Primeira Liga","totalMatched":12203.8,"tvPid":0,"tvMapid":0,"port":0,"time":"2023-02-27T19:00:00Z","bet":0,"isInPlay":0,"usersOnline":0,"noOfBets":0,"session":"","unmatched":0,"id":1,"eventTypeId":"1","competitionId":99,"eventId":32124147,"eventName":"Sporting Lisbon v Estoril Praia","status":1,"markets":[{"marketName":"Match Odds","gameId":421698217,"marketId":"1.210285959","runners":["Sporting Lisbon","Estoril Praia","The Draw"],"open":1,"status":1,"isInPlay":0,"betDelay":5},{"marketName":"Over/Under 3.5 Goals","gameId":421698218,"marketId":"1.210285915","runners":["Under 3.5 Goals","Over 3.5 Goals"],"open":1,"status":1,"isInPlay":0,"betDelay":5},{"marketName":"Over/Under 0.5 Goals","gameId":421698219,"marketId":"1.210285963","runners":["Over 0.5 Goals","Under 0.5 Goals"],"open":1,"status":1,"isInPlay":0,"betDelay":5},{"marketName":"Over/Under 2.5 Goals","gameId":421698220,"marketId":"1.210285969","runners":["Over 2.5 Goals","Under 2.5 Goals"],"open":1,"status":1,"isInPlay":0,"betDelay":5},{"marketName":"Over/Under 1.5 Goals","gameId":421698221,"marketId":"1.210285973","runners":["Under 1.5 Goals","Over 1.5 Goals"],"open":1,"status":1,"isInPlay":0,"betDelay":5}],"gameId":421698217,"fancyInplay":0,"winTheTossInplay":0,"bookmakerInplay":1,"betLock":0,"activeFancy":0,"vir":0},{"tv":0,"isFancy":false,"isBm":false,"activeStatus":0,"sportsName":"soccer","sportId":"1","competitionName":"Spanish Segunda Division","totalMatched":10027.9,"tvPid":0,"tvMapid":0,"port":0,"time":"2023-02-27T20:00:00Z","bet":0,"isInPlay":0,"usersOnline":0,"noOfBets":0,"session":"","unmatched":0,"id":1,"eventTypeId":"1","competitionId":12204313,"eventId":32126498,"eventName":"Granada v Malaga","status":1,"markets":[{"marketName":"Match Odds","gameId":421698522,"marketId":"1.210317357","runners":["Granada","Malaga","The Draw"],"open":1,"status":1,"isInPlay":0,"betDelay":5},{"marketName":"Over/Under 3.5 Goals","gameId":421698523,"marketId":"1.210317309","runners":["Over 3.5 Goals","Under 3.5 Goals"],"open":1,"status":1,"isInPlay":0,"betDelay":5},{"marketName":"Over/Under 0.5 Goals","gameId":421698524,"marketId":"1.210317362","runners":["Under 0.5 Goals","Over 0.5 Goals"],"open":1,"status":1,"isInPlay":0,"betDelay":5},{"marketName":"Over/Under 2.5 Goals","gameId":421698525,"marketId":"1.210317369","runners":["Under 2.5 Goals","Over 2.5 Goals"],"open":1,"status":1,"isInPlay":0,"betDelay":5},{"marketName":"Over/Under 1.5 Goals","gameId":421698526,"marketId":"1.210317375","runners":["Under 1.5 Goals","Over 1.5 Goals"],"open":1,"status":1,"isInPlay":0,"betDelay":5}],"gameId":421698522,"fancyInplay":0,"winTheTossInplay":0,"bookmakerInplay":1,"betLock":0,"activeFancy":0,"vir":0},{"tv":0,"isFancy":false,"isBm":false,"activeStatus":0,"sportsName":"soccer","sportId":"1","competitionName":"Danish Superliga","totalMatched":10223,"tvPid":0,"tvMapid":0,"port":0,"time":"2023-02-27T18:00:00Z","bet":0,"isInPlay":1,"usersOnline":0,"noOfBets":0,"session":"","unmatched":0,"id":1,"eventTypeId":"1","competitionId":23,"eventId":32123570,"eventName":"Midtjylland v Brondby","status":1,"markets":[{"marketName":"Match Odds","gameId":421698530,"marketId":"1.210272017","runners":["Midtjylland","Brondby","The Draw"],"open":1,"status":1,"isInPlay":1,"betDelay":5},{"marketName":"Over/Under 3.5 Goals","gameId":421698531,"marketId":"1.210271973","runners":["Under 3.5 Goals","Over 3.5 Goals"],"open":1,"status":1,"isInPlay":1,"betDelay":5},{"marketName":"Over/Under 0.5 Goals","gameId":421698532,"marketId":"1.210272021","runners":["Under 0.5 Goals","Over 0.5 Goals"],"open":1,"status":1,"isInPlay":1,"betDelay":5},{"marketName":"Over/Under 2.5 Goals","gameId":421698533,"marketId":"1.210272027","runners":["Under 2.5 Goals","Over 2.5 Goals"],"open":1,"status":1,"isInPlay":1,"betDelay":5},{"marketName":"Over/Under 1.5 Goals","gameId":421698534,"marketId":"1.210272031","runners":["Under 1.5 Goals","Over 1.5 Goals"],"open":1,"status":1,"isInPlay":1,"betDelay":5}],"gameId":421698530,"fancyInplay":0,"winTheTossInplay":0,"bookmakerInplay":1,"betLock":0,"activeFancy":0,"vir":0},{"tv":0,"isFancy":false,"isBm":false,"activeStatus":0,"sportsName":"soccer","sportId":"1","competitionName":"Spanish Copa del Rey","totalMatched":11768.1,"tvPid":0,"tvMapid":0,"port":0,"time":"2023-03-02T20:00:00Z","bet":0,"isInPlay":0,"usersOnline":0,"noOfBets":0,"session":"","unmatched":0,"id":1,"eventTypeId":"1","competitionId":12801,"eventId":32114906,"eventName":"Real Madrid v Barcelona","status":1,"markets":[{"marketName":"Match Odds","gameId":421698729,"marketId":"1.210149121","runners":["Real Madrid","Barcelona","The Draw"],"open":1,"status":1,"isInPlay":0,"betDelay":5},{"marketName":"Over/Under 2.5 Goals","gameId":421698730,"marketId":"1.210149105","runners":["Under 2.5 Goals","Over 2.5 Goals"],"open":1,"status":1,"isInPlay":0,"betDelay":5},{"marketName":"Over/Under 0.5 Goals","gameId":421698731,"marketId":"1.210149126","runners":["Under 0.5 Goals","Over 0.5 Goals"],"open":1,"status":1,"isInPlay":0,"betDelay":5}],"gameId":421698729,"fancyInplay":0,"winTheTossInplay":0,"bookmakerInplay":1,"betLock":0,"activeFancy":0,"vir":0},{"tv":0,"isFancy":false,"isBm":false,"activeStatus":0,"sportsName":"soccer","sportId":"1","competitionName":"English Premier League","totalMatched":12075.4,"tvPid":0,"tvMapid":0,"port":0,"time":"2023-03-04T12:30:00Z","bet":0,"isInPlay":0,"usersOnline":0,"noOfBets":0,"session":"","unmatched":0,"id":1,"eventTypeId":"1","competitionId":10932509,"eventId":32120452,"eventName":"Man City v Newcastle","status":1,"markets":[{"marketName":"Match Odds","gameId":421698783,"marketId":"1.210224068","runners":["Man City","Newcastle","The Draw"],"open":1,"status":1,"isInPlay":0,"betDelay":5},{"marketName":"Over/Under 2.5 Goals","gameId":421698784,"marketId":"1.210224007","runners":["Under 2.5 Goals","Over 2.5 Goals"],"open":1,"status":1,"isInPlay":0,"betDelay":5},{"marketName":"Over/Under 0.5 Goals","gameId":421698785,"marketId":"1.210224073","runners":["Under 0.5 Goals","Over 0.5 Goals"],"open":1,"status":1,"isInPlay":0,"betDelay":5}],"gameId":421698783,"fancyInplay":0,"winTheTossInplay":0,"bookmakerInplay":1,"betLock":0,"activeFancy":0,"vir":0},{"tv":0,"isFancy":false,"isBm":false,"activeStatus":0,"sportsName":"soccer","sportId":"1","competitionName":"English Championship","totalMatched":21103.6,"tvPid":0,"tvMapid":0,"port":0,"time":"2023-03-04T15:00:00Z","bet":0,"isInPlay":0,"usersOnline":0,"noOfBets":0,"session":"","unmatched":0,"id":1,"eventTypeId":"1","competitionId":7129730,"eventId":32127398,"eventName":"Sunderland v Stoke","status":1,"markets":[{"marketName":"Match Odds","gameId":421699092,"marketId":"1.210328974","runners":["Sunderland","Stoke","The Draw"],"open":1,"status":1,"isInPlay":0,"betDelay":5}],"gameId":421699092,"fancyInplay":0,"winTheTossInplay":0,"bookmakerInplay":1,"betLock":0,"activeFancy":0,"vir":0},{"tv":0,"isFancy":false,"isBm":false,"activeStatus":0,"sportsName":"soccer","sportId":"1","competitionName":"English Championship","totalMatched":24067,"tvPid":0,"tvMapid":0,"port":0,"time":"2023-03-04T15:00:00Z","bet":0,"isInPlay":0,"usersOnline":0,"noOfBets":0,"session":"","unmatched":0,"id":1,"eventTypeId":"1","competitionId":7129730,"eventId":32127388,"eventName":"Blackpool v Burnley","status":1,"markets":[{"marketName":"Match Odds","gameId":421699093,"marketId":"1.210329674","runners":["Blackpool","Burnley","The Draw"],"open":1,"status":1,"isInPlay":0,"betDelay":5}],"gameId":421699093,"fancyInplay":0,"winTheTossInplay":0,"bookmakerInplay":1,"betLock":0,"activeFancy":0,"vir":0},{"tv":0,"isFancy":false,"isBm":false,"activeStatus":0,"sportsName":"soccer","sportId":"1","competitionName":"English Championship","totalMatched":15234.5,"tvPid":0,"tvMapid":0,"port":0,"time":"2023-03-04T15:00:00Z","bet":0,"isInPlay":0,"usersOnline":0,"noOfBets":0,"session":"","unmatched":0,"id":1,"eventTypeId":"1","competitionId":7129730,"eventId":32127389,"eventName":"Watford v Preston","status":1,"markets":[{"marketName":"Match Odds","gameId":421699094,"marketId":"1.210329385","runners":["Watford","Preston","The Draw"],"open":1,"status":1,"isInPlay":0,"betDelay":5}],"gameId":421699094,"fancyInplay":0,"winTheTossInplay":0,"bookmakerInplay":1,"betLock":0,"activeFancy":0,"vir":0},{"tv":0,"isFancy":false,"isBm":false,"activeStatus":0,"sportsName":"soccer","sportId":"1","competitionName":"English Championship","totalMatched":30858.8,"tvPid":0,"tvMapid":0,"port":0,"time":"2023-03-04T15:00:00Z","bet":0,"isInPlay":0,"usersOnline":0,"noOfBets":0,"session":"","unmatched":0,"id":1,"eventTypeId":"1","competitionId":7129730,"eventId":32127383,"eventName":"Wigan v Birmingham","status":1,"markets":[{"marketName":"Match Odds","gameId":421699095,"marketId":"1.210331148","runners":["Wigan","Birmingham","The Draw"],"open":1,"status":1,"isInPlay":0,"betDelay":5}],"gameId":421699095,"fancyInplay":0,"winTheTossInplay":0,"bookmakerInplay":1,"betLock":0,"activeFancy":0,"vir":0},{"tv":0,"isFancy":false,"isBm":false,"activeStatus":0,"sportsName":"soccer","sportId":"1","competitionName":"English Premier League","totalMatched":11160,"tvPid":0,"tvMapid":0,"port":0,"time":"2023-03-04T15:00:00Z","bet":0,"isInPlay":0,"usersOnline":0,"noOfBets":0,"session":"","unmatched":0,"id":1,"eventTypeId":"1","competitionId":10932509,"eventId":32122312,"eventName":"Brighton v West Ham","status":1,"markets":[{"marketName":"Match Odds","gameId":421699096,"marketId":"1.210254656","runners":["Brighton","West Ham","The Draw"],"open":1,"status":1,"isInPlay":0,"betDelay":5},{"marketName":"Over/Under 2.5 Goals","gameId":421699097,"marketId":"1.210254595","runners":["Under 2.5 Goals","Over 2.5 Goals"],"open":1,"status":1,"isInPlay":0,"betDelay":5},{"marketName":"Over/Under 0.5 Goals","gameId":421699098,"marketId":"1.210254661","runners":["Under 0.5 Goals","Over 0.5 Goals"],"open":1,"status":1,"isInPlay":0,"betDelay":5}],"gameId":421699096,"fancyInplay":0,"winTheTossInplay":0,"bookmakerInplay":1,"betLock":0,"activeFancy":0,"vir":0},{"tv":0,"isFancy":false,"isBm":false,"activeStatus":0,"sportsName":"soccer","sportId":"1","competitionName":"Romanian Liga I","totalMatched":10012.7,"tvPid":0,"tvMapid":0,"port":0,"time":"2023-02-27T18:02:00Z","bet":0,"isInPlay":1,"usersOnline":0,"noOfBets":0,"session":"","unmatched":0,"id":1,"eventTypeId":"1","competitionId":4905,"eventId":32104099,"eventName":"ACS Petrolul 52 v CFR Cluj","status":1,"markets":[{"marketName":"Match Odds","gameId":421699274,"marketId":"1.209965361","runners":["ACS Petrolul 52","CFR Cluj","The Draw"],"open":1,"status":1,"isInPlay":1,"betDelay":5},{"marketName":"Over/Under 0.5 Goals","gameId":421699275,"marketId":"1.209965365","runners":["Under 0.5 Goals","Over 0.5 Goals"],"open":1,"status":1,"isInPlay":1,"betDelay":5},{"marketName":"Over/Under 2.5 Goals","gameId":421699276,"marketId":"1.209965406","runners":["Under 2.5 Goals","Over 2.5 Goals"],"open":1,"status":1,"isInPlay":1,"betDelay":5},{"marketName":"Over/Under 1.5 Goals","gameId":421699277,"marketId":"1.209965409","runners":["Under 1.5 Goals","Over 1.5 Goals"],"open":1,"status":1,"isInPlay":1,"betDelay":5},{"marketName":"Over/Under 3.5 Goals","gameId":421699278,"marketId":"1.209965410","runners":["Under 3.5 Goals","Over 3.5 Goals"],"open":1,"status":1,"isInPlay":1,"betDelay":5}],"gameId":421699274,"fancyInplay":0,"winTheTossInplay":0,"bookmakerInplay":1,"betLock":0,"activeFancy":0,"vir":0},{"tv":0,"isFancy":false,"isBm":false,"activeStatus":0,"sportsName":"soccer","sportId":"1","competitionName":"Portuguese Primeira Liga","totalMatched":10743.4,"tvPid":0,"tvMapid":0,"port":0,"time":"2023-02-27T21:15:00Z","bet":0,"isInPlay":0,"usersOnline":0,"noOfBets":0,"session":"","unmatched":0,"id":1,"eventTypeId":"1","competitionId":99,"eventId":32127476,"eventName":"Guimaraes v Braga","status":1,"markets":[{"marketName":"Match Odds","gameId":421699299,"marketId":"1.210334645","runners":["Guimaraes","Braga","The Draw"],"open":1,"status":1,"isInPlay":0,"betDelay":5},{"marketName":"Over/Under 3.5 Goals","gameId":421699300,"marketId":"1.210334601","runners":["Under 3.5 Goals","Over 3.5 Goals"],"open":1,"status":1,"isInPlay":0,"betDelay":5},{"marketName":"Over/Under 0.5 Goals","gameId":421699301,"marketId":"1.210334649","runners":["Under 0.5 Goals","Over 0.5 Goals"],"open":1,"status":1,"isInPlay":0,"betDelay":5},{"marketName":"Over/Under 2.5 Goals","gameId":421699302,"marketId":"1.210334655","runners":["Under 2.5 Goals","Over 2.5 Goals"],"open":1,"status":1,"isInPlay":0,"betDelay":5},{"marketName":"Over/Under 1.5 Goals","gameId":421699303,"marketId":"1.210334659","runners":["Under 1.5 Goals","Over 1.5 Goals"],"open":1,"status":1,"isInPlay":0,"betDelay":5}],"gameId":421699299,"fancyInplay":0,"winTheTossInplay":0,"bookmakerInplay":1,"betLock":0,"activeFancy":0,"vir":0},{"tv":0,"isFancy":false,"isBm":false,"activeStatus":0,"sportsName":"soccer","sportId":"1","competitionName":"French Ligue 2","totalMatched":10235.9,"tvPid":0,"tvMapid":0,"port":0,"time":"2023-02-27T19:45:00Z","bet":0,"isInPlay":0,"usersOnline":0,"noOfBets":0,"session":"","unmatched":0,"id":1,"eventTypeId":"1","competitionId":57,"eventId":32126400,"eventName":"Amiens v Bordeaux","status":1,"markets":[{"marketName":"Match Odds","gameId":421699367,"marketId":"1.210317474","runners":["Amiens","Bordeaux","The Draw"],"open":1,"status":1,"isInPlay":0,"betDelay":5},{"marketName":"Over/Under 3.5 Goals","gameId":421699368,"marketId":"1.210317430","runners":["Under 3.5 Goals","Over 3.5 Goals"],"open":1,"status":1,"isInPlay":0,"betDelay":5},{"marketName":"Over/Under 0.5 Goals","gameId":421699369,"marketId":"1.210317478","runners":["Under 0.5 Goals","Over 0.5 Goals"],"open":1,"status":1,"isInPlay":0,"betDelay":5},{"marketName":"Over/Under 2.5 Goals","gameId":421699370,"marketId":"1.210317484","runners":["Under 2.5 Goals","Over 2.5 Goals"],"open":1,"status":1,"isInPlay":0,"betDelay":5},{"marketName":"Over/Under 1.5 Goals","gameId":421699371,"marketId":"1.210317488","runners":["Under 1.5 Goals","Over 1.5 Goals"],"open":1,"status":1,"isInPlay":0,"betDelay":5}],"gameId":421699367,"fancyInplay":0,"winTheTossInplay":0,"bookmakerInplay":1,"betLock":0,"activeFancy":0,"vir":0},{"tv":0,"isFancy":false,"isBm":false,"activeStatus":0,"sportsName":"soccer","sportId":"1","competitionName":"Egyptian Premier","totalMatched":10669.8,"tvPid":0,"tvMapid":0,"port":0,"time":"2023-02-27T17:00:00Z","bet":0,"isInPlay":1,"usersOnline":0,"noOfBets":0,"session":"","unmatched":0,"id":1,"eventTypeId":"1","competitionId":801976,"eventId":32130262,"eventName":"El Geish v Al Ittihad (EGY)","status":1,"markets":[{"marketName":"Match Odds","gameId":421699372,"marketId":"1.210378756","runners":["El Geish","Al Ittihad (EGY)","The Draw"],"open":1,"status":1,"isInPlay":1,"betDelay":5},{"marketName":"Over/Under 0.5 Goals","gameId":421699373,"marketId":"1.210378760","runners":["Under 0.5 Goals","Over 0.5 Goals"],"open":1,"status":1,"isInPlay":0,"betDelay":5},{"marketName":"Over/Under 2.5 Goals","gameId":421699374,"marketId":"1.210378801","runners":["Under 2.5 Goals","Over 2.5 Goals"],"open":1,"status":1,"isInPlay":1,"betDelay":5},{"marketName":"Over/Under 1.5 Goals","gameId":421699375,"marketId":"1.210378804","runners":["Under 1.5 Goals","Over 1.5 Goals"],"open":1,"status":1,"isInPlay":1,"betDelay":5},{"marketName":"Over/Under 3.5 Goals","gameId":421699376,"marketId":"1.210378805","runners":["Under 3.5 Goals","Over 3.5 Goals"],"open":1,"status":1,"isInPlay":1,"betDelay":5}],"gameId":421699372,"fancyInplay":0,"winTheTossInplay":0,"bookmakerInplay":1,"betLock":0,"activeFancy":0,"vir":0},{"tv":0,"isFancy":false,"isBm":false,"activeStatus":0,"sportsName":"soccer","sportId":"1","competitionName":"Israeli Premier League","totalMatched":10102.3,"tvPid":0,"tvMapid":0,"port":0,"time":"2023-02-27T18:00:00Z","bet":0,"isInPlay":1,"usersOnline":0,"noOfBets":0,"session":"","unmatched":0,"id":1,"eventTypeId":"1","competitionId":822165,"eventId":32134092,"eventName":"Hapoel Beer Sheva v Maccabi Bnei Raina","status":1,"markets":[{"marketName":"Match Odds","gameId":421699425,"marketId":"1.210431461","runners":["Hapoel Beer Sheva","Maccabi Bnei Raina","The Draw"],"open":1,"status":1,"isInPlay":1,"betDelay":5},{"marketName":"Over/Under 0.5 Goals","gameId":421699426,"marketId":"1.210431465","runners":["Under 0.5 Goals","Over 0.5 Goals"],"open":1,"status":1,"isInPlay":1,"betDelay":5},{"marketName":"Over/Under 2.5 Goals","gameId":421699427,"marketId":"1.210431506","runners":["Under 2.5 Goals","Over 2.5 Goals"],"open":1,"status":1,"isInPlay":1,"betDelay":5},{"marketName":"Over/Under 1.5 Goals","gameId":421699428,"marketId":"1.210431509","runners":["Over 1.5 Goals","Under 1.5 Goals"],"open":1,"status":1,"isInPlay":1,"betDelay":5},{"marketName":"Over/Under 3.5 Goals","gameId":421699429,"marketId":"1.210431510","runners":["Under 3.5 Goals","Over 3.5 Goals"],"open":1,"status":1,"isInPlay":1,"betDelay":5}],"gameId":421699425,"fancyInplay":0,"winTheTossInplay":0,"bookmakerInplay":1,"betLock":0,"activeFancy":0,"vir":0},{"tv":0,"isFancy":false,"isBm":false,"activeStatus":0,"sportsName":"soccer","sportId":"1","competitionName":"English Premier League 2 - Div 1","totalMatched":10206,"tvPid":0,"tvMapid":0,"port":0,"time":"2023-02-27T19:00:00Z","bet":0,"isInPlay":0,"usersOnline":0,"noOfBets":0,"session":"","unmatched":0,"id":1,"eventTypeId":"1","competitionId":12199685,"eventId":32141695,"eventName":"West Ham U21 v Brighton U21","status":1,"markets":[{"marketName":"Match Odds","gameId":421699430,"marketId":"1.210558176","runners":["West Ham U21","Brighton U21","The Draw"],"open":1,"status":1,"isInPlay":0,"betDelay":5},{"marketName":"Over/Under 0.5 Goals","gameId":421699431,"marketId":"1.210558180","runners":["Under 0.5 Goals","Over 0.5 Goals"],"open":1,"status":1,"isInPlay":0,"betDelay":5},{"marketName":"Over/Under 2.5 Goals","gameId":421699432,"marketId":"1.210558221","runners":["Under 2.5 Goals","Over 2.5 Goals"],"open":1,"status":1,"isInPlay":0,"betDelay":5},{"marketName":"Over/Under 1.5 Goals","gameId":421699433,"marketId":"1.210558224","runners":["Under 1.5 Goals","Over 1.5 Goals"],"open":1,"status":1,"isInPlay":0,"betDelay":5},{"marketName":"Over/Under 3.5 Goals","gameId":421699434,"marketId":"1.210558225","runners":["Under 3.5 Goals","Over 3.5 Goals"],"open":1,"status":1,"isInPlay":0,"betDelay":5}],"gameId":421699430,"fancyInplay":0,"winTheTossInplay":0,"bookmakerInplay":1,"betLock":0,"activeFancy":0,"vir":0},{"tv":0,"isFancy":false,"isBm":false,"activeStatus":0,"sportsName":"soccer","sportId":"1","competitionName":"English U21 Pro Development League","totalMatched":14945.5,"tvPid":0,"tvMapid":0,"port":0,"time":"2023-02-27T19:00:00Z","bet":0,"isInPlay":0,"usersOnline":0,"noOfBets":0,"session":"","unmatched":0,"id":1,"eventTypeId":"1","competitionId":12511339,"eventId":32141952,"eventName":"Hull City U21 v Burnley U21","status":1,"markets":[{"marketName":"Match Odds","gameId":421699435,"marketId":"1.210566911","runners":["Hull City U21","Burnley U21","The Draw"],"open":1,"status":1,"isInPlay":0,"betDelay":5},{"marketName":"Over/Under 0.5 Goals","gameId":421699436,"marketId":"1.210566915","runners":["Under 0.5 Goals","Over 0.5 Goals"],"open":1,"status":1,"isInPlay":0,"betDelay":5},{"marketName":"Over/Under 2.5 Goals","gameId":421699437,"marketId":"1.210566956","runners":["Under 2.5 Goals","Over 2.5 Goals"],"open":1,"status":1,"isInPlay":0,"betDelay":5},{"marketName":"Over/Under 1.5 Goals","gameId":421699438,"marketId":"1.210566959","runners":["Under 1.5 Goals","Over 1.5 Goals"],"open":1,"status":1,"isInPlay":0,"betDelay":5},{"marketName":"Over/Under 3.5 Goals","gameId":421699439,"marketId":"1.210566960","runners":["Under 3.5 Goals","Over 3.5 Goals"],"open":1,"status":1,"isInPlay":0,"betDelay":5}],"gameId":421699435,"fancyInplay":0,"winTheTossInplay":0,"bookmakerInplay":1,"betLock":0,"activeFancy":0,"vir":0},{"tv":0,"isFancy":false,"isBm":false,"activeStatus":0,"sportsName":"soccer","sportId":"1","competitionName":"English Premier League 2 - Div 1","totalMatched":10061.6,"tvPid":0,"tvMapid":0,"port":0,"time":"2023-02-27T19:00:00Z","bet":0,"isInPlay":0,"usersOnline":0,"noOfBets":0,"session":"","unmatched":0,"id":1,"eventTypeId":"1","competitionId":12199685,"eventId":32141694,"eventName":"Tottenham U21 v Crystal Palace U21","status":1,"markets":[{"marketName":"Match Odds","gameId":421699440,"marketId":"1.210558266","runners":["Tottenham U21","Crystal Palace U21","The Draw"],"open":1,"status":1,"isInPlay":0,"betDelay":5},{"marketName":"Over/Under 0.5 Goals","gameId":421699441,"marketId":"1.210558270","runners":["Under 0.5 Goals","Over 0.5 Goals"],"open":1,"status":1,"isInPlay":0,"betDelay":5},{"marketName":"Over/Under 2.5 Goals","gameId":421699442,"marketId":"1.210558311","runners":["Under 2.5 Goals","Over 2.5 Goals"],"open":1,"status":1,"isInPlay":0,"betDelay":5},{"marketName":"Over/Under 1.5 Goals","gameId":421699443,"marketId":"1.210558314","runners":["Under 1.5 Goals","Over 1.5 Goals"],"open":1,"status":1,"isInPlay":0,"betDelay":5},{"marketName":"Over/Under 3.5 Goals","gameId":421699444,"marketId":"1.210558315","runners":["Under 3.5 Goals","Over 3.5 Goals"],"open":1,"status":1,"isInPlay":0,"betDelay":5}],"gameId":421699440,"fancyInplay":0,"winTheTossInplay":0,"bookmakerInplay":1,"betLock":0,"activeFancy":0,"vir":0},{"tv":0,"isFancy":false,"isBm":false,"activeStatus":0,"sportsName":"soccer","sportId":"1","competitionName":"Swedish Cup","totalMatched":13628.3,"tvPid":0,"tvMapid":0,"port":0,"time":"2023-02-27T17:30:00Z","bet":0,"isInPlay":1,"usersOnline":0,"noOfBets":0,"session":"","unmatched":0,"id":1,"eventTypeId":"1","competitionId":18099,"eventId":32127373,"eventName":"Degerfors v Skovde Aik","status":1,"markets":[{"marketName":"Match Odds","gameId":421699446,"marketId":"1.210328629","runners":["Degerfors","Skovde AIK","The Draw"],"open":1,"status":1,"isInPlay":1,"betDelay":5},{"marketName":"Over/Under 2.5 Goals","gameId":421699447,"marketId":"1.210328733","runners":["Under 2.5 Goals","Over 2.5 Goals"],"open":1,"status":1,"isInPlay":1,"betDelay":5},{"marketName":"Over/Under 1.5 Goals","gameId":421699448,"marketId":"1.210328740","runners":["Under 1.5 Goals","Over 1.5 Goals"],"open":1,"status":1,"isInPlay":1,"betDelay":5},{"marketName":"Over/Under 3.5 Goals","gameId":421699449,"marketId":"1.210328742","runners":["Under 3.5 Goals","Over 3.5 Goals"],"open":1,"status":1,"isInPlay":1,"betDelay":5}],"gameId":421699446,"fancyInplay":0,"winTheTossInplay":0,"bookmakerInplay":1,"betLock":0,"activeFancy":0,"vir":0},{"tv":0,"isFancy":false,"isBm":false,"activeStatus":0,"sportsName":"soccer","sportId":"1","competitionName":"Dutch Eerste Divisie","totalMatched":10374.6,"tvPid":0,"tvMapid":0,"port":0,"time":"2023-02-27T19:00:00Z","bet":0,"isInPlay":0,"usersOnline":0,"noOfBets":0,"session":"","unmatched":0,"id":1,"eventTypeId":"1","competitionId":11,"eventId":32131029,"eventName":"MVV Maastricht v PEC Zwolle","status":1,"markets":[{"marketName":"Match Odds","gameId":421699450,"marketId":"1.210386465","runners":["MVV Maastricht","PEC Zwolle","The Draw"],"open":1,"status":1,"isInPlay":0,"betDelay":5},{"marketName":"Over/Under 0.5 Goals","gameId":421699451,"marketId":"1.210386469","runners":["Under 0.5 Goals","Over 0.5 Goals"],"open":1,"status":1,"isInPlay":0,"betDelay":5},{"marketName":"Over/Under 2.5 Goals","gameId":421699452,"marketId":"1.210386510","runners":["Under 2.5 Goals","Over 2.5 Goals"],"open":1,"status":1,"isInPlay":0,"betDelay":5},{"marketName":"Over/Under 1.5 Goals","gameId":421699453,"marketId":"1.210386513","runners":["Under 1.5 Goals","Over 1.5 Goals"],"open":1,"status":1,"isInPlay":0,"betDelay":5},{"marketName":"Over/Under 3.5 Goals","gameId":421699454,"marketId":"1.210386514","runners":["Under 3.5 Goals","Over 3.5 Goals"],"open":1,"status":1,"isInPlay":0,"betDelay":5}],"gameId":421699450,"fancyInplay":0,"winTheTossInplay":0,"bookmakerInplay":1,"betLock":0,"activeFancy":0,"vir":0},{"tv":0,"isFancy":false,"isBm":false,"activeStatus":0,"sportsName":"soccer","sportId":"1","competitionName":"Swedish Cup","totalMatched":11109.1,"tvPid":0,"tvMapid":0,"port":0,"time":"2023-02-27T17:30:00Z","bet":0,"isInPlay":1,"usersOnline":0,"noOfBets":0,"session":"","unmatched":0,"id":1,"eventTypeId":"1","competitionId":18099,"eventId":32127370,"eventName":"IFK Lulea v Malmo FF","status":1,"markets":[{"marketName":"Match Odds","gameId":421699455,"marketId":"1.210328808","runners":["IFK Lulea","Malmo FF","The Draw"],"open":1,"status":1,"isInPlay":1,"betDelay":5},{"marketName":"Over/Under 0.5 Goals","gameId":421699456,"marketId":"1.210328812","runners":["Under 0.5 Goals","Over 0.5 Goals"],"open":1,"status":1,"isInPlay":1,"betDelay":5},{"marketName":"Over/Under 2.5 Goals","gameId":421699457,"marketId":"1.210328853","runners":["Under 2.5 Goals","Over 2.5 Goals"],"open":1,"status":1,"isInPlay":1,"betDelay":5},{"marketName":"Over/Under 1.5 Goals","gameId":421699458,"marketId":"1.210328856","runners":["Under 1.5 Goals","Over 1.5 Goals"],"open":1,"status":1,"isInPlay":1,"betDelay":5},{"marketName":"Over/Under 3.5 Goals","gameId":421699459,"marketId":"1.210328857","runners":["Under 3.5 Goals","Over 3.5 Goals"],"open":1,"status":1,"isInPlay":1,"betDelay":5}],"gameId":421699455,"fancyInplay":0,"winTheTossInplay":0,"bookmakerInplay":1,"betLock":0,"activeFancy":0,"vir":0},{"tv":0,"isFancy":false,"isBm":false,"activeStatus":0,"sportsName":"soccer","sportId":"1","competitionName":"Polish Ekstraklasa","totalMatched":10301.3,"tvPid":0,"tvMapid":0,"port":0,"time":"2023-02-27T18:01:00Z","bet":0,"isInPlay":1,"usersOnline":0,"noOfBets":0,"session":"","unmatched":0,"id":1,"eventTypeId":"1","competitionId":97,"eventId":32125778,"eventName":"Zaglebie Lubin v Miedz Legnica","status":1,"markets":[{"marketName":"Match Odds","gameId":421699460,"marketId":"1.210310275","runners":["Zaglebie Lubin","Miedz Legnica","The Draw"],"open":1,"status":1,"isInPlay":1,"betDelay":5},{"marketName":"Over/Under 0.5 Goals","gameId":421699461,"marketId":"1.210310279","runners":["Under 0.5 Goals","Over 0.5 Goals"],"open":1,"status":1,"isInPlay":1,"betDelay":5},{"marketName":"Over/Under 2.5 Goals","gameId":421699462,"marketId":"1.210310320","runners":["Under 2.5 Goals","Over 2.5 Goals"],"open":1,"status":1,"isInPlay":1,"betDelay":5},{"marketName":"Over/Under 1.5 Goals","gameId":421699463,"marketId":"1.210310323","runners":["Under 1.5 Goals","Over 1.5 Goals"],"open":1,"status":1,"isInPlay":1,"betDelay":5},{"marketName":"Over/Under 3.5 Goals","gameId":421699464,"marketId":"1.210310324","runners":["Under 3.5 Goals","Over 3.5 Goals"],"open":1,"status":1,"isInPlay":1,"betDelay":5}],"gameId":421699460,"fancyInplay":0,"winTheTossInplay":0,"bookmakerInplay":1,"betLock":0,"activeFancy":0,"vir":0},{"tv":0,"isFancy":false,"isBm":false,"activeStatus":0,"sportsName":"soccer","sportId":"1","competitionName":"Bolivian Liga de Futbol Profesional","totalMatched":10056.4,"tvPid":0,"tvMapid":0,"port":0,"time":"2023-02-27T23:00:00Z","bet":0,"isInPlay":0,"usersOnline":0,"noOfBets":0,"session":"","unmatched":0,"id":1,"eventTypeId":"1","competitionId":12007003,"eventId":32133828,"eventName":"Jorge Wilstermann v Vaca Diez","status":1,"markets":[{"marketName":"Match Odds","gameId":421699470,"marketId":"1.210423670","runners":["Jorge Wilstermann","Vaca Diez","The Draw"],"open":1,"status":1,"isInPlay":0,"betDelay":5},{"marketName":"Over/Under 0.5 Goals","gameId":421699471,"marketId":"1.210423674","runners":["Over 0.5 Goals","Under 0.5 Goals"],"open":1,"status":1,"isInPlay":0,"betDelay":5},{"marketName":"Over/Under 2.5 Goals","gameId":421699472,"marketId":"1.210423728","runners":["Under 2.5 Goals","Over 2.5 Goals"],"open":1,"status":1,"isInPlay":0,"betDelay":5},{"marketName":"Over/Under 1.5 Goals","gameId":421699473,"marketId":"1.210423744","runners":["Over 1.5 Goals","Under 1.5 Goals"],"open":1,"status":1,"isInPlay":0,"betDelay":5},{"marketName":"Over/Under 3.5 Goals","gameId":421699474,"marketId":"1.210423751","runners":["Under 3.5 Goals","Over 3.5 Goals"],"open":1,"status":1,"isInPlay":0,"betDelay":5}],"gameId":421699470,"fancyInplay":0,"winTheTossInplay":0,"bookmakerInplay":1,"betLock":0,"activeFancy":0,"vir":0},{"tv":0,"isFancy":false,"isBm":false,"activeStatus":0,"sportsName":"soccer","sportId":"1","competitionName":"English National League North","totalMatched":11240.6,"tvPid":0,"tvMapid":0,"port":0,"time":"2023-02-27T19:45:00Z","bet":0,"isInPlay":0,"usersOnline":0,"noOfBets":0,"session":"","unmatched":0,"id":1,"eventTypeId":"1","competitionId":41,"eventId":32141639,"eventName":"Bradford PA v Scarborough Athletic","status":1,"markets":[{"marketName":"Match Odds","gameId":421699475,"marketId":"1.210556748","runners":["Bradford PA","Scarborough Athletic","The Draw"],"open":1,"status":1,"isInPlay":0,"betDelay":5},{"marketName":"Over/Under 0.5 Goals","gameId":421699476,"marketId":"1.210556752","runners":["Under 0.5 Goals","Over 0.5 Goals"],"open":1,"status":1,"isInPlay":0,"betDelay":5},{"marketName":"Over/Under 2.5 Goals","gameId":421699477,"marketId":"1.210556793","runners":["Under 2.5 Goals","Over 2.5 Goals"],"open":1,"status":1,"isInPlay":0,"betDelay":5},{"marketName":"Over/Under 1.5 Goals","gameId":421699478,"marketId":"1.210556796","runners":["Under 1.5 Goals","Over 1.5 Goals"],"open":1,"status":1,"isInPlay":0,"betDelay":5},{"marketName":"Over/Under 3.5 Goals","gameId":421699479,"marketId":"1.210556797","runners":["Under 3.5 Goals","Over 3.5 Goals"],"open":1,"status":1,"isInPlay":0,"betDelay":5}],"gameId":421699475,"fancyInplay":0,"winTheTossInplay":0,"bookmakerInplay":1,"betLock":0,"activeFancy":0,"vir":0},{"tv":0,"isFancy":false,"isBm":false,"activeStatus":0,"sportsName":"soccer","sportId":"1","competitionName":"Brazilian Carioca Matches","totalMatched":14680.6,"tvPid":0,"tvMapid":0,"port":0,"time":"2023-02-27T22:30:00Z","bet":0,"isInPlay":0,"usersOnline":0,"noOfBets":0,"session":"","unmatched":0,"id":1,"eventTypeId":"1","competitionId":12164283,"eventId":32130925,"eventName":"Vasco da Gama v Boavista RJ","status":1,"markets":[{"marketName":"Match Odds","gameId":421699480,"marketId":"1.210385236","runners":["Vasco Da Gama","Boavista RJ","The Draw"],"open":1,"status":1,"isInPlay":0,"betDelay":5},{"marketName":"Over/Under 0.5 Goals","gameId":421699481,"marketId":"1.210385240","runners":["Under 0.5 Goals","Over 0.5 Goals"],"open":1,"status":1,"isInPlay":0,"betDelay":5},{"marketName":"Over/Under 2.5 Goals","gameId":421699482,"marketId":"1.210385281","runners":["Under 2.5 Goals","Over 2.5 Goals"],"open":1,"status":1,"isInPlay":0,"betDelay":5},{"marketName":"Over/Under 1.5 Goals","gameId":421699483,"marketId":"1.210385284","runners":["Under 1.5 Goals","Over 1.5 Goals"],"open":1,"status":1,"isInPlay":0,"betDelay":5},{"marketName":"Over/Under 3.5 Goals","gameId":421699484,"marketId":"1.210385285","runners":["Under 3.5 Goals","Over 3.5 Goals"],"open":1,"status":1,"isInPlay":0,"betDelay":5}],"gameId":421699480,"fancyInplay":0,"winTheTossInplay":0,"bookmakerInplay":1,"betLock":0,"activeFancy":0,"vir":0},{"tv":0,"isFancy":false,"isBm":false,"activeStatus":0,"sportsName":"soccer","sportId":"1","competitionName":"German 3 Liga","totalMatched":10311.9,"tvPid":0,"tvMapid":0,"port":0,"time":"2023-02-27T18:01:00Z","bet":0,"isInPlay":1,"usersOnline":0,"noOfBets":0,"session":"","unmatched":0,"id":1,"eventTypeId":"1","competitionId":11591693,"eventId":32125858,"eventName":"Viktoria Koln v Freiburg II","status":1,"markets":[{"marketName":"Match Odds","gameId":421699492,"marketId":"1.210310882","runners":["Viktoria Koln","Freiburg II","The Draw"],"open":1,"status":1,"isInPlay":1,"betDelay":5},{"marketName":"Over/Under 0.5 Goals","gameId":421699493,"marketId":"1.210310886","runners":["Under 0.5 Goals","Over 0.5 Goals"],"open":1,"status":1,"isInPlay":1,"betDelay":5},{"marketName":"Over/Under 2.5 Goals","gameId":421699494,"marketId":"1.210310927","runners":["Under 2.5 Goals","Over 2.5 Goals"],"open":1,"status":1,"isInPlay":1,"betDelay":5},{"marketName":"Over/Under 1.5 Goals","gameId":421699495,"marketId":"1.210310930","runners":["Over 1.5 Goals","Under 1.5 Goals"],"open":1,"status":1,"isInPlay":1,"betDelay":5},{"marketName":"Over/Under 3.5 Goals","gameId":421699496,"marketId":"1.210310931","runners":["Under 3.5 Goals","Over 3.5 Goals"],"open":1,"status":1,"isInPlay":1,"betDelay":5}],"gameId":421699492,"fancyInplay":0,"winTheTossInplay":0,"bookmakerInplay":1,"betLock":0,"activeFancy":0,"vir":0},{"tv":0,"isFancy":false,"isBm":false,"activeStatus":0,"sportsName":"soccer","sportId":"1","competitionName":"Dutch Eerste Divisie","totalMatched":10676.8,"tvPid":0,"tvMapid":0,"port":0,"time":"2023-02-27T19:00:00Z","bet":0,"isInPlay":0,"usersOnline":0,"noOfBets":0,"session":"","unmatched":0,"id":1,"eventTypeId":"1","competitionId":11,"eventId":32131028,"eventName":"Jong PSV Eindhoven v Jong AZ Alkmaar","status":1,"markets":[{"marketName":"Match Odds","gameId":421699502,"marketId":"1.210386555","runners":["Jong PSV Eindhoven","Jong AZ Alkmaar","The Draw"],"open":1,"status":1,"isInPlay":0,"betDelay":5},{"marketName":"Over/Under 0.5 Goals","gameId":421699503,"marketId":"1.210386559","runners":["Under 0.5 Goals","Over 0.5 Goals"],"open":1,"status":1,"isInPlay":0,"betDelay":5},{"marketName":"Over/Under 2.5 Goals","gameId":421699504,"marketId":"1.210386600","runners":["Under 2.5 Goals","Over 2.5 Goals"],"open":1,"status":1,"isInPlay":0,"betDelay":5},{"marketName":"Over/Under 1.5 Goals","gameId":421699505,"marketId":"1.210386603","runners":["Under 1.5 Goals","Over 1.5 Goals"],"open":1,"status":1,"isInPlay":0,"betDelay":5},{"marketName":"Over/Under 3.5 Goals","gameId":421699506,"marketId":"1.210386604","runners":["Under 3.5 Goals","Over 3.5 Goals"],"open":1,"status":1,"isInPlay":0,"betDelay":5}],"gameId":421699502,"fancyInplay":0,"winTheTossInplay":0,"bookmakerInplay":1,"betLock":0,"activeFancy":0,"vir":0},{"tv":0,"isFancy":false,"isBm":false,"activeStatus":0,"sportsName":"tennis","sportId":"2","competitionName":"ATP Dubai 2023","totalMatched":1562.31,"tvPid":0,"tvMapid":0,"port":0,"time":"2023-02-27T16:44:00Z","bet":0,"isInPlay":1,"usersOnline":0,"noOfBets":0,"session":"","unmatched":0,"id":1,"eventTypeId":"2","competitionId":12560594,"eventId":32138668,"eventName":"A Zverev v Lehecka","status":1,"markets":[{"marketName":"Match Odds","gameId":421695017,"marketId":"1.210500660","runners":["Alexander Zverev","Jiri Lehecka"],"open":1,"status":1,"isInPlay":1,"betDelay":5}],"gameId":421695017,"fancyInplay":0,"winTheTossInplay":0,"bookmakerInplay":1,"betLock":0,"activeFancy":0,"vir":0},{"tv":0,"isFancy":false,"isBm":false,"activeStatus":0,"sportsName":"tennis","sportId":"2","competitionName":"ATP Acapulco 2023","totalMatched":1124.26,"tvPid":0,"tvMapid":0,"port":0,"time":"2023-02-28T02:00:00Z","bet":0,"isInPlay":0,"usersOnline":0,"noOfBets":0,"session":"","unmatched":0,"id":1,"eventTypeId":"2","competitionId":12560840,"eventId":32140534,"eventName":"Eubanks v Lopez","status":1,"markets":[{"marketName":"Match Odds","gameId":421696471,"marketId":"1.210531253","runners":["Christopher Eubanks","Feliciano Lopez"],"open":1,"status":1,"isInPlay":0,"betDelay":5}],"gameId":421696471,"fancyInplay":0,"winTheTossInplay":0,"bookmakerInplay":1,"betLock":0,"activeFancy":0,"vir":0},{"tv":0,"isFancy":false,"isBm":false,"activeStatus":0,"sportsName":"tennis","sportId":"2","competitionName":"WTA Monterrey 2023","totalMatched":1461.56,"tvPid":0,"tvMapid":0,"port":0,"time":"2023-02-27T19:30:00Z","bet":0,"isInPlay":0,"usersOnline":0,"noOfBets":0,"session":"","unmatched":0,"id":1,"eventTypeId":"2","competitionId":12560812,"eventId":32140759,"eventName":"L Zhu v A Bondar","status":1,"markets":[{"marketName":"Match Odds","gameId":421697250,"marketId":"1.210533141","runners":["Lin Zhu","Anna Bondar"],"open":1,"status":1,"isInPlay":0,"betDelay":5}],"gameId":421697250,"fancyInplay":0,"winTheTossInplay":0,"bookmakerInplay":1,"betLock":0,"activeFancy":0,"vir":0},{"tv":0,"isFancy":false,"isBm":false,"activeStatus":0,"sportsName":"tennis","sportId":"2","competitionName":"ATP Dubai 2023","totalMatched":1209.84,"tvPid":0,"tvMapid":0,"port":0,"time":"2023-02-28T10:00:00Z","bet":0,"isInPlay":0,"usersOnline":0,"noOfBets":0,"session":"","unmatched":0,"id":1,"eventTypeId":"2","competitionId":12560594,"eventId":32138658,"eventName":"Cressy v F Auger-Aliassime","status":1,"markets":[{"marketName":"Match Odds","gameId":421697368,"marketId":"1.210500694","runners":["Maxime Cressy","Felix Auger-Aliassime"],"open":1,"status":1,"isInPlay":0,"betDelay":5}],"gameId":421697368,"fancyInplay":0,"winTheTossInplay":0,"bookmakerInplay":1,"betLock":0,"activeFancy":0,"vir":0},{"tv":0,"isFancy":false,"isBm":false,"activeStatus":0,"sportsName":"tennis","sportId":"2","competitionName":"WTA Monterrey 2023","totalMatched":1042.03,"tvPid":0,"tvMapid":0,"port":0,"time":"2023-02-28T00:00:00Z","bet":0,"isInPlay":0,"usersOnline":0,"noOfBets":0,"session":"","unmatched":0,"id":1,"eventTypeId":"2","competitionId":12560812,"eventId":32142957,"eventName":"Birrell/Contreras Gomez v Barnett/Nicholls","status":1,"markets":[{"marketName":"Match Odds","gameId":421697528,"marketId":"1.210583353","runners":["Birrell/Contreras Gomez","Barnett/Nicholls"],"open":1,"status":1,"isInPlay":0,"betDelay":5}],"gameId":421697528,"fancyInplay":0,"winTheTossInplay":0,"bookmakerInplay":1,"betLock":0,"activeFancy":0,"vir":0},{"tv":0,"isFancy":false,"isBm":false,"activeStatus":0,"sportsName":"tennis","sportId":"2","competitionName":"ATP Acapulco 2023","totalMatched":1063.82,"tvPid":0,"tvMapid":0,"port":0,"time":"2023-02-28T16:00:00Z","bet":0,"isInPlay":0,"usersOnline":0,"noOfBets":0,"session":"","unmatched":0,"id":1,"eventTypeId":"2","competitionId":12560840,"eventId":32140544,"eventName":"Norrie v Mannarino","status":1,"markets":[{"marketName":"Match Odds","gameId":421697552,"marketId":"1.210530690","runners":["Cameron Norrie","Adrian Mannarino"],"open":1,"status":1,"isInPlay":0,"betDelay":5}],"gameId":421697552,"fancyInplay":0,"winTheTossInplay":0,"bookmakerInplay":1,"betLock":0,"activeFancy":0,"vir":0},{"tv":0,"isFancy":false,"isBm":false,"activeStatus":0,"sportsName":"tennis","sportId":"2","competitionName":"ATP Acapulco 2023","totalMatched":1192.2,"tvPid":0,"tvMapid":0,"port":0,"time":"2023-02-28T16:00:00Z","bet":0,"isInPlay":0,"usersOnline":0,"noOfBets":0,"session":"","unmatched":0,"id":1,"eventTypeId":"2","competitionId":12560840,"eventId":32140524,"eventName":"Carlos Alcaraz v McDonald","status":1,"markets":[{"marketName":"Match Odds","gameId":421697706,"marketId":"1.210531567","runners":["Carlos Alcaraz","Mackenzie McDonald"],"open":1,"status":1,"isInPlay":0,"betDelay":5}],"gameId":421697706,"fancyInplay":0,"winTheTossInplay":0,"bookmakerInplay":1,"betLock":0,"activeFancy":0,"vir":0},{"tv":0,"isFancy":false,"isBm":false,"activeStatus":0,"sportsName":"tennis","sportId":"2","competitionName":"WTA Austin 2023","totalMatched":1248.86,"tvPid":0,"tvMapid":0,"port":0,"time":"2023-02-28T00:00:00Z","bet":0,"isInPlay":0,"usersOnline":0,"noOfBets":0,"session":"","unmatched":0,"id":1,"eventTypeId":"2","competitionId":12560740,"eventId":32141205,"eventName":"M Kostyuk v D Galfi","status":1,"markets":[{"marketName":"Match Odds","gameId":421697803,"marketId":"1.210546965","runners":["Marta Kostyuk","Dalma Galfi"],"open":1,"status":1,"isInPlay":0,"betDelay":5}],"gameId":421697803,"fancyInplay":0,"winTheTossInplay":0,"bookmakerInplay":1,"betLock":0,"activeFancy":0,"vir":0},{"tv":0,"isFancy":false,"isBm":false,"activeStatus":0,"sportsName":"tennis","sportId":"2","competitionName":"ATP Santiago 2023","totalMatched":2307.44,"tvPid":0,"tvMapid":0,"port":0,"time":"2023-02-27T23:30:00Z","bet":0,"isInPlay":0,"usersOnline":0,"noOfBets":0,"session":"","unmatched":0,"id":1,"eventTypeId":"2","competitionId":12560772,"eventId":32140884,"eventName":"Tabilo v Munar","status":1,"markets":[{"marketName":"Match Odds","gameId":421697817,"marketId":"1.210538206","runners":["Alejandro Tabilo","Jaume Munar"],"open":1,"status":1,"isInPlay":0,"betDelay":5}],"gameId":421697817,"fancyInplay":0,"winTheTossInplay":0,"bookmakerInplay":1,"betLock":0,"activeFancy":0,"vir":0},{"tv":0,"isFancy":false,"isBm":false,"activeStatus":0,"sportsName":"tennis","sportId":"2","competitionName":"WTA Austin 2023","totalMatched":1063.78,"tvPid":0,"tvMapid":0,"port":0,"time":"2023-02-27T18:00:00Z","bet":0,"isInPlay":1,"usersOnline":0,"noOfBets":0,"session":"","unmatched":0,"id":1,"eventTypeId":"2","competitionId":12560740,"eventId":32143603,"eventName":"Blinkova v A Li","status":1,"markets":[{"marketName":"Match Odds","gameId":421698034,"marketId":"1.210596910","runners":["Anna Blinkova","Ann Li"],"open":1,"status":1,"isInPlay":1,"betDelay":5}],"gameId":421698034,"fancyInplay":0,"winTheTossInplay":0,"bookmakerInplay":1,"betLock":0,"activeFancy":0,"vir":0},{"tv":0,"isFancy":false,"isBm":false,"activeStatus":0,"sportsName":"tennis","sportId":"2","competitionName":"ATP Dubai 2023","totalMatched":1655.5,"tvPid":0,"tvMapid":0,"port":0,"time":"2023-02-28T10:00:00Z","bet":0,"isInPlay":0,"usersOnline":0,"noOfBets":0,"session":"","unmatched":0,"id":1,"eventTypeId":"2","competitionId":12560594,"eventId":32138648,"eventName":"Khachanov v Van de Zandschulp","status":1,"markets":[{"marketName":"Match Odds","gameId":421698050,"marketId":"1.210499982","runners":["Karen Khachanov","Botic Van de Zandschulp"],"open":1,"status":1,"isInPlay":0,"betDelay":5}],"gameId":421698050,"fancyInplay":0,"winTheTossInplay":0,"bookmakerInplay":1,"betLock":0,"activeFancy":0,"vir":0},{"tv":0,"isFancy":false,"isBm":false,"activeStatus":0,"sportsName":"tennis","sportId":"2","competitionName":"ATP Dubai 2023","totalMatched":1063.44,"tvPid":0,"tvMapid":0,"port":0,"time":"2023-02-28T15:00:00Z","bet":0,"isInPlay":0,"usersOnline":0,"noOfBets":0,"session":"","unmatched":0,"id":1,"eventTypeId":"2","competitionId":12560594,"eventId":32142114,"eventName":"Djokovic v Machac","status":1,"markets":[{"marketName":"Match Odds","gameId":421698160,"marketId":"1.210568573","runners":["Novak Djokovic","Tomas Machac"],"open":1,"status":1,"isInPlay":0,"betDelay":5}],"gameId":421698160,"fancyInplay":0,"winTheTossInplay":0,"bookmakerInplay":1,"betLock":0,"activeFancy":0,"vir":0},{"tv":0,"isFancy":false,"isBm":false,"activeStatus":0,"sportsName":"tennis","sportId":"2","competitionName":"WTA Austin 2023","totalMatched":1009.17,"tvPid":0,"tvMapid":0,"port":0,"time":"2023-02-28T00:00:00Z","bet":0,"isInPlay":0,"usersOnline":0,"noOfBets":0,"session":"","unmatched":0,"id":1,"eventTypeId":"2","competitionId":12560740,"eventId":32141170,"eventName":"Mag Linette v V Gracheva","status":1,"markets":[{"marketName":"Match Odds","gameId":421698168,"marketId":"1.210546258","runners":["Magda Linette","Varvara Gracheva"],"open":1,"status":1,"isInPlay":0,"betDelay":5}],"gameId":421698168,"fancyInplay":0,"winTheTossInplay":0,"bookmakerInplay":1,"betLock":0,"activeFancy":0,"vir":0},{"tv":0,"isFancy":false,"isBm":false,"activeStatus":0,"sportsName":"tennis","sportId":"2","competitionName":"ATP Acapulco 2023","totalMatched":1104.14,"tvPid":0,"tvMapid":0,"port":0,"time":"2023-02-28T00:00:00Z","bet":0,"isInPlay":0,"usersOnline":0,"noOfBets":0,"session":"","unmatched":0,"id":1,"eventTypeId":"2","competitionId":12560840,"eventId":32140494,"eventName":"Giron v Mmoh","status":1,"markets":[{"marketName":"Match Odds","gameId":421698401,"marketId":"1.210530474","runners":["Marcos Giron","Michael Mmoh"],"open":1,"status":1,"isInPlay":0,"betDelay":5}],"gameId":421698401,"fancyInplay":0,"winTheTossInplay":0,"bookmakerInplay":1,"betLock":0,"activeFancy":0,"vir":0},{"tv":0,"isFancy":false,"isBm":false,"activeStatus":0,"sportsName":"tennis","sportId":"2","competitionName":"ATP Santiago 2023","totalMatched":1237.87,"tvPid":0,"tvMapid":0,"port":0,"time":"2023-02-27T18:48:00Z","bet":0,"isInPlay":1,"usersOnline":0,"noOfBets":0,"session":"","unmatched":0,"id":1,"eventTypeId":"2","competitionId":12560772,"eventId":32142892,"eventName":"Cachin v Manuel Cerundolo","status":1,"markets":[{"marketName":"Match Odds","gameId":421698427,"marketId":"1.210582316","runners":["Pedro Cachin","Manuel Cerundolo"],"open":1,"status":1,"isInPlay":1,"betDelay":5}],"gameId":421698427,"fancyInplay":0,"winTheTossInplay":0,"bookmakerInplay":1,"betLock":0,"activeFancy":0,"vir":0},{"tv":0,"isFancy":false,"isBm":false,"activeStatus":0,"sportsName":"tennis","sportId":"2","competitionName":"ATP Acapulco 2023","totalMatched":1093.18,"tvPid":0,"tvMapid":0,"port":0,"time":"2023-02-28T04:00:00Z","bet":0,"isInPlay":0,"usersOnline":0,"noOfBets":0,"session":"","unmatched":0,"id":1,"eventTypeId":"2","competitionId":12560840,"eventId":32143727,"eventName":"Daniel v J Wolf","status":1,"markets":[{"marketName":"Match Odds","gameId":421698505,"marketId":"1.210600434","runners":["Taro Daniel","J.j. Wolf"],"open":1,"status":1,"isInPlay":0,"betDelay":5}],"gameId":421698505,"fancyInplay":0,"winTheTossInplay":0,"bookmakerInplay":1,"betLock":0,"activeFancy":0,"vir":0},{"tv":0,"isFancy":false,"isBm":false,"activeStatus":0,"sportsName":"tennis","sportId":"2","competitionName":"ATP Santiago 2023","totalMatched":1031.51,"tvPid":0,"tvMapid":0,"port":0,"time":"2023-02-27T22:00:00Z","bet":0,"isInPlay":0,"usersOnline":0,"noOfBets":0,"session":"","unmatched":0,"id":1,"eventTypeId":"2","competitionId":12560772,"eventId":32142897,"eventName":"Bonadio v Galan","status":1,"markets":[{"marketName":"Match Odds","gameId":421698573,"marketId":"1.210582681","runners":["Riccardo Bonadio","Daniel Elahi Galan"],"open":1,"status":1,"isInPlay":0,"betDelay":5}],"gameId":421698573,"fancyInplay":0,"winTheTossInplay":0,"bookmakerInplay":1,"betLock":0,"activeFancy":0,"vir":0},{"tv":0,"isFancy":false,"isBm":false,"activeStatus":0,"sportsName":"tennis","sportId":"2","competitionName":"ATP Dubai 2023","totalMatched":25204.2,"tvPid":0,"tvMapid":0,"port":0,"time":"2023-02-28T12:00:00Z","bet":0,"isInPlay":0,"usersOnline":0,"noOfBets":0,"session":"","unmatched":0,"id":1,"eventTypeId":"2","competitionId":12560594,"eventId":32142099,"eventName":"Medvedev v Arnaldi","status":1,"markets":[{"marketName":"Match Odds","gameId":421698582,"marketId":"1.210568567","runners":["Daniil Medvedev","Matteo Arnaldi"],"open":1,"status":1,"isInPlay":0,"betDelay":5}],"gameId":421698582,"fancyInplay":0,"winTheTossInplay":0,"bookmakerInplay":1,"betLock":0,"activeFancy":0,"vir":0},{"tv":0,"isFancy":false,"isBm":false,"activeStatus":0,"sportsName":"tennis","sportId":"2","competitionName":"ATP Acapulco 2023","totalMatched":1056.08,"tvPid":0,"tvMapid":0,"port":0,"time":"2023-02-28T02:00:00Z","bet":0,"isInPlay":0,"usersOnline":0,"noOfBets":0,"session":"","unmatched":0,"id":1,"eventTypeId":"2","competitionId":12560840,"eventId":32140554,"eventName":"Be Shelton v Hol Rune","status":1,"markets":[{"marketName":"Match Odds","gameId":421698601,"marketId":"1.210532086","runners":["Ben Shelton","Holger Rune"],"open":1,"status":1,"isInPlay":0,"betDelay":5}],"gameId":421698601,"fancyInplay":0,"winTheTossInplay":0,"bookmakerInplay":1,"betLock":0,"activeFancy":0,"vir":0},{"tv":0,"isFancy":false,"isBm":false,"activeStatus":0,"sportsName":"tennis","sportId":"2","competitionName":"WTA Austin 2023","totalMatched":1152.67,"tvPid":0,"tvMapid":0,"port":0,"time":"2023-02-27T18:45:00Z","bet":0,"isInPlay":1,"usersOnline":0,"noOfBets":0,"session":"","unmatched":0,"id":1,"eventTypeId":"2","competitionId":12560740,"eventId":32141180,"eventName":"Bjorklund v Aly Parks","status":1,"markets":[{"marketName":"Match Odds","gameId":421698645,"marketId":"1.210546257","runners":["Mirjam Bjorklund","Alycia Parks"],"open":1,"status":1,"isInPlay":1,"betDelay":5}],"gameId":421698645,"fancyInplay":0,"winTheTossInplay":0,"bookmakerInplay":1,"betLock":0,"activeFancy":0,"vir":0},{"tv":0,"isFancy":false,"isBm":false,"activeStatus":0,"sportsName":"tennis","sportId":"2","competitionName":"ATP Acapulco 2023","totalMatched":1050.61,"tvPid":0,"tvMapid":0,"port":0,"time":"2023-02-28T00:00:00Z","bet":0,"isInPlay":0,"usersOnline":0,"noOfBets":0,"session":"","unmatched":0,"id":1,"eventTypeId":"2","competitionId":12560840,"eventId":32140529,"eventName":"Fritz v Isner","status":1,"markets":[{"marketName":"Match Odds","gameId":421698653,"marketId":"1.210530955","runners":["Taylor Fritz","John Isner"],"open":1,"status":1,"isInPlay":0,"betDelay":5}],"gameId":421698653,"fancyInplay":0,"winTheTossInplay":0,"bookmakerInplay":1,"betLock":0,"activeFancy":0,"vir":0},{"tv":0,"isFancy":false,"isBm":false,"activeStatus":0,"sportsName":"tennis","sportId":"2","competitionName":"ATP Dubai 2023","totalMatched":1113.83,"tvPid":0,"tvMapid":0,"port":0,"time":"2023-02-28T10:00:00Z","bet":0,"isInPlay":0,"usersOnline":0,"noOfBets":0,"session":"","unmatched":0,"id":1,"eventTypeId":"2","competitionId":12560594,"eventId":32143535,"eventName":"Emil Ruusuvuori v OConnell","status":1,"markets":[{"marketName":"Match Odds","gameId":421698775,"marketId":"1.210596081","runners":["Emil Ruusuvuori","Christopher OConnell"],"open":1,"status":1,"isInPlay":0,"betDelay":5}],"gameId":421698775,"fancyInplay":0,"winTheTossInplay":0,"bookmakerInplay":1,"betLock":0,"activeFancy":0,"vir":0},{"tv":0,"isFancy":false,"isBm":false,"activeStatus":0,"sportsName":"tennis","sportId":"2","competitionName":"ATP Acapulco 2023","totalMatched":1021.44,"tvPid":0,"tvMapid":0,"port":0,"time":"2023-02-28T00:00:00Z","bet":0,"isInPlay":0,"usersOnline":0,"noOfBets":0,"session":"","unmatched":0,"id":1,"eventTypeId":"2","competitionId":12560840,"eventId":32140509,"eventName":"Shapovalov v Kecmanovic","status":1,"markets":[{"marketName":"Match Odds","gameId":421698779,"marketId":"1.210530969","runners":["Denis Shapovalov","Miomir Kecmanovic"],"open":1,"status":1,"isInPlay":0,"betDelay":5}],"gameId":421698779,"fancyInplay":0,"winTheTossInplay":0,"bookmakerInplay":1,"betLock":0,"activeFancy":0,"vir":0},{"tv":0,"isFancy":false,"isBm":false,"activeStatus":0,"sportsName":"tennis","sportId":"2","competitionName":"WTA Austin 2023","totalMatched":1156.07,"tvPid":0,"tvMapid":0,"port":0,"time":"2023-02-28T00:00:00Z","bet":0,"isInPlay":0,"usersOnline":0,"noOfBets":0,"session":"","unmatched":0,"id":1,"eventTypeId":"2","competitionId":12560740,"eventId":32141200,"eventName":"H Dart v S Zhang","status":1,"markets":[{"marketName":"Match Odds","gameId":421698822,"marketId":"1.210547235","runners":["Harriet Dart","Shuai Zhang"],"open":1,"status":1,"isInPlay":0,"betDelay":5}],"gameId":421698822,"fancyInplay":0,"winTheTossInplay":0,"bookmakerInplay":1,"betLock":0,"activeFancy":0,"vir":0},{"tv":0,"isFancy":false,"isBm":false,"activeStatus":0,"sportsName":"tennis","sportId":"2","competitionName":"Pune Challenger 2023","totalMatched":1021.71,"tvPid":0,"tvMapid":0,"port":0,"time":"2023-02-28T13:00:00Z","bet":0,"isInPlay":0,"usersOnline":0,"noOfBets":0,"session":"","unmatched":0,"id":1,"eventTypeId":"2","competitionId":12560866,"eventId":32139360,"eventName":"Purcell v M Sasikumar","status":1,"markets":[{"marketName":"Match Odds","gameId":421698832,"marketId":"1.210517305","runners":["Max Purcell","Mukund Sasikumar"],"open":1,"status":1,"isInPlay":0,"betDelay":5}],"gameId":421698832,"fancyInplay":0,"winTheTossInplay":0,"bookmakerInplay":1,"betLock":0,"activeFancy":0,"vir":0},{"tv":0,"isFancy":false,"isBm":false,"activeStatus":0,"sportsName":"tennis","sportId":"2","competitionName":"WTA Monterrey 2023","totalMatched":1369.13,"tvPid":0,"tvMapid":0,"port":0,"time":"2023-02-27T18:10:00Z","bet":0,"isInPlay":1,"usersOnline":0,"noOfBets":0,"session":"","unmatched":0,"id":1,"eventTypeId":"2","competitionId":12560812,"eventId":32143438,"eventName":"Dolehide v J Niemeier","status":1,"markets":[{"marketName":"Match Odds","gameId":421698834,"marketId":"1.210593806","runners":["Caroline Dolehide","Jule Niemeier"],"open":1,"status":1,"isInPlay":1,"betDelay":5}],"gameId":421698834,"fancyInplay":0,"winTheTossInplay":0,"bookmakerInplay":1,"betLock":0,"activeFancy":0,"vir":0},{"tv":0,"isFancy":false,"isBm":false,"activeStatus":0,"sportsName":"tennis","sportId":"2","competitionName":"WTA Austin 2023","totalMatched":1164.39,"tvPid":0,"tvMapid":0,"port":0,"time":"2023-02-28T01:30:00Z","bet":0,"isInPlay":0,"usersOnline":0,"noOfBets":0,"session":"","unmatched":0,"id":1,"eventTypeId":"2","competitionId":12560740,"eventId":32143592,"eventName":"Pe Stearns v Boulter","status":1,"markets":[{"marketName":"Match Odds","gameId":421698906,"marketId":"1.210596733","runners":["Peyton Stearns","Katie Boulter"],"open":1,"status":1,"isInPlay":0,"betDelay":5}],"gameId":421698906,"fancyInplay":0,"winTheTossInplay":0,"bookmakerInplay":1,"betLock":0,"activeFancy":0,"vir":0},{"tv":0,"isFancy":false,"isBm":false,"activeStatus":0,"sportsName":"tennis","sportId":"2","competitionName":"WTA Austin 2023","totalMatched":1009.63,"tvPid":0,"tvMapid":0,"port":0,"time":"2023-02-27T19:30:00Z","bet":0,"isInPlay":0,"usersOnline":0,"noOfBets":0,"session":"","unmatched":0,"id":1,"eventTypeId":"2","competitionId":12560740,"eventId":32143598,"eventName":"Kovinic v Watson","status":1,"markets":[{"marketName":"Match Odds","gameId":421698921,"marketId":"1.210596732","runners":["Danka Kovinic","H Watson"],"open":1,"status":1,"isInPlay":0,"betDelay":5}],"gameId":421698921,"fancyInplay":0,"winTheTossInplay":0,"bookmakerInplay":1,"betLock":0,"activeFancy":0,"vir":0},{"tv":0,"isFancy":false,"isBm":false,"activeStatus":0,"sportsName":"tennis","sportId":"2","competitionName":"WTA Monterrey 2023","totalMatched":1139.34,"tvPid":0,"tvMapid":0,"port":0,"time":"2023-02-28T01:00:00Z","bet":0,"isInPlay":0,"usersOnline":0,"noOfBets":0,"session":"","unmatched":0,"id":1,"eventTypeId":"2","competitionId":12560812,"eventId":32140739,"eventName":"Karolina Schmiedlova v M Bouzkova","status":1,"markets":[{"marketName":"Match Odds","gameId":421698953,"marketId":"1.210532693","runners":["Anna Karolina Schmiedlova","Marie Bouzkova"],"open":1,"status":1,"isInPlay":0,"betDelay":5}],"gameId":421698953,"fancyInplay":0,"winTheTossInplay":0,"bookmakerInplay":1,"betLock":0,"activeFancy":0,"vir":0},{"tv":0,"isFancy":false,"isBm":false,"activeStatus":0,"sportsName":"tennis","sportId":"2","competitionName":"ATP Santiago 2023","totalMatched":1043.78,"tvPid":0,"tvMapid":0,"port":0,"time":"2023-02-28T17:00:00Z","bet":0,"isInPlay":0,"usersOnline":0,"noOfBets":0,"session":"","unmatched":0,"id":1,"eventTypeId":"2","competitionId":12560772,"eventId":32142887,"eventName":"Cam Ugo Carabelli v Lajovic","status":1,"markets":[{"marketName":"Match Odds","gameId":421698971,"marketId":"1.210582308","runners":["Camilo Ugo Carabelli","Dusan Lajovic"],"open":1,"status":1,"isInPlay":0,"betDelay":5}],"gameId":421698971,"fancyInplay":0,"winTheTossInplay":0,"bookmakerInplay":1,"betLock":0,"activeFancy":0,"vir":0},{"tv":0,"isFancy":false,"isBm":false,"activeStatus":0,"sportsName":"tennis","sportId":"2","competitionName":"ATP Acapulco 2023","totalMatched":1051.84,"tvPid":0,"tvMapid":0,"port":0,"time":"2023-02-28T02:00:00Z","bet":0,"isInPlay":0,"usersOnline":0,"noOfBets":0,"session":"","unmatched":0,"id":1,"eventTypeId":"2","competitionId":12560840,"eventId":32140549,"eventName":"Nishioka v Tiafoe","status":1,"markets":[{"marketName":"Match Odds","gameId":421699042,"marketId":"1.210531839","runners":["Yoshihito Nishioka","Frances Tiafoe"],"open":1,"status":1,"isInPlay":0,"betDelay":5}],"gameId":421699042,"fancyInplay":0,"winTheTossInplay":0,"bookmakerInplay":1,"betLock":0,"activeFancy":0,"vir":0},{"tv":0,"isFancy":false,"isBm":false,"activeStatus":0,"sportsName":"tennis","sportId":"2","competitionName":"ATP Acapulco 2023","totalMatched":1042.6,"tvPid":0,"tvMapid":0,"port":0,"time":"2023-02-28T04:00:00Z","bet":0,"isInPlay":0,"usersOnline":0,"noOfBets":0,"session":"","unmatched":0,"id":1,"eventTypeId":"2","competitionId":12560840,"eventId":32140504,"eventName":"E Gomez v Paul","status":1,"markets":[{"marketName":"Match Odds","gameId":421699043,"marketId":"1.210530473","runners":["Emilio Gomez","Tommy Paul"],"open":1,"status":1,"isInPlay":0,"betDelay":5}],"gameId":421699043,"fancyInplay":0,"winTheTossInplay":0,"bookmakerInplay":1,"betLock":0,"activeFancy":0,"vir":0},{"tv":0,"isFancy":false,"isBm":false,"activeStatus":0,"sportsName":"tennis","sportId":"2","competitionName":"Pau Challenger 2023","totalMatched":1010.47,"tvPid":0,"tvMapid":0,"port":0,"time":"2023-02-27T18:04:00Z","bet":0,"isInPlay":1,"usersOnline":0,"noOfBets":0,"session":"","unmatched":0,"id":1,"eventTypeId":"2","competitionId":12560956,"eventId":32140580,"eventName":"Li Tu v Van Assche","status":1,"markets":[{"marketName":"Match Odds","gameId":421699101,"marketId":"1.210531548","runners":["Li Tu","Luca Van Assche"],"open":1,"status":1,"isInPlay":1,"betDelay":5}],"gameId":421699101,"fancyInplay":0,"winTheTossInplay":0,"bookmakerInplay":1,"betLock":0,"activeFancy":0,"vir":0},{"tv":0,"isFancy":false,"isBm":false,"activeStatus":0,"sportsName":"tennis","sportId":"2","competitionName":"WTA Monterrey 2023","totalMatched":1045.9,"tvPid":0,"tvMapid":0,"port":0,"time":"2023-02-27T19:30:00Z","bet":0,"isInPlay":0,"usersOnline":0,"noOfBets":0,"session":"","unmatched":0,"id":1,"eventTypeId":"2","competitionId":12560812,"eventId":32143443,"eventName":"Papamichail v Bonaventure","status":1,"markets":[{"marketName":"Match Odds","gameId":421699127,"marketId":"1.210594173","runners":["Despina Papamichail","Ysaline Bonaventure"],"open":1,"status":1,"isInPlay":0,"betDelay":5}],"gameId":421699127,"fancyInplay":0,"winTheTossInplay":0,"bookmakerInplay":1,"betLock":0,"activeFancy":0,"vir":0},{"tv":0,"isFancy":false,"isBm":false,"activeStatus":0,"sportsName":"tennis","sportId":"2","competitionName":"Pau Challenger 2023","totalMatched":1120.85,"tvPid":0,"tvMapid":0,"port":0,"time":"2023-02-27T20:04:00Z","bet":0,"isInPlay":0,"usersOnline":0,"noOfBets":0,"session":"","unmatched":0,"id":1,"eventTypeId":"2","competitionId":12560956,"eventId":32140590,"eventName":"Brouwer v Em Nava","status":1,"markets":[{"marketName":"Match Odds","gameId":421699134,"marketId":"1.210531838","runners":["Gijs Brouwer","Emilio Nava"],"open":1,"status":1,"isInPlay":0,"betDelay":5}],"gameId":421699134,"fancyInplay":0,"winTheTossInplay":0,"bookmakerInplay":1,"betLock":0,"activeFancy":0,"vir":0},{"tv":0,"isFancy":false,"isBm":false,"activeStatus":0,"sportsName":"tennis","sportId":"2","competitionName":"ATP Acapulco 2023","totalMatched":1136.14,"tvPid":0,"tvMapid":0,"port":0,"time":"2023-02-28T03:00:00Z","bet":0,"isInPlay":0,"usersOnline":0,"noOfBets":0,"session":"","unmatched":0,"id":1,"eventTypeId":"2","competitionId":12560840,"eventId":32143732,"eventName":"Andreozzi v Ruud","status":1,"markets":[{"marketName":"Match Odds","gameId":421699135,"marketId":"1.210600526","runners":["Guido Andreozzi","Casper Ruud"],"open":1,"status":1,"isInPlay":0,"betDelay":5}],"gameId":421699135,"fancyInplay":0,"winTheTossInplay":0,"bookmakerInplay":1,"betLock":0,"activeFancy":0,"vir":0},{"tv":0,"isFancy":false,"isBm":false,"activeStatus":0,"sportsName":"tennis","sportId":"2","competitionName":"ATP Santiago 2023","totalMatched":1064.52,"tvPid":0,"tvMapid":0,"port":0,"time":"2023-02-28T19:00:00Z","bet":0,"isInPlay":0,"usersOnline":0,"noOfBets":0,"session":"","unmatched":0,"id":1,"eventTypeId":"2","competitionId":12560772,"eventId":32140879,"eventName":"Djere v J Sousa","status":1,"markets":[{"marketName":"Match Odds","gameId":421699223,"marketId":"1.210537918","runners":["Laslo Djere","Joao Sousa"],"open":1,"status":1,"isInPlay":0,"betDelay":5}],"gameId":421699223,"fancyInplay":0,"winTheTossInplay":0,"bookmakerInplay":1,"betLock":0,"activeFancy":0,"vir":0},{"tv":0,"isFancy":false,"isBm":false,"activeStatus":0,"sportsName":"tennis","sportId":"2","competitionName":"Waco Challenger 2023","totalMatched":1015.28,"tvPid":0,"tvMapid":0,"port":0,"time":"2023-02-27T16:41:00Z","bet":0,"isInPlay":1,"usersOnline":0,"noOfBets":0,"session":"","unmatched":0,"id":1,"eventTypeId":"2","competitionId":12561176,"eventId":32143173,"eventName":"Sh Mochizuki v Marchenko","status":1,"markets":[{"marketName":"Match Odds","gameId":421699391,"marketId":"1.210586869","runners":["Shintaro Mochizuki","Illya Marchenko"],"open":1,"status":1,"isInPlay":1,"betDelay":5}],"gameId":421699391,"fancyInplay":0,"winTheTossInplay":0,"bookmakerInplay":1,"betLock":0,"activeFancy":0,"vir":0},{"tv":0,"isFancy":false,"isBm":false,"activeStatus":0,"sportsName":"tennis","sportId":"2","competitionName":"Waco Challenger 2023","totalMatched":1462.42,"tvPid":0,"tvMapid":0,"port":0,"time":"2023-02-27T16:49:00Z","bet":0,"isInPlay":1,"usersOnline":0,"noOfBets":0,"session":"","unmatched":0,"id":1,"eventTypeId":"2","competitionId":12561176,"eventId":32142875,"eventName":"Cha Wong v Henri Squire","status":1,"markets":[{"marketName":"Match Odds","gameId":421699406,"marketId":"1.210582265","runners":["Chak Lam Coleman Wong","Henri Squire"],"open":1,"status":1,"isInPlay":1,"betDelay":5}],"gameId":421699406,"fancyInplay":0,"winTheTossInplay":0,"bookmakerInplay":1,"betLock":0,"activeFancy":0,"vir":0},{"tv":0,"isFancy":false,"isBm":false,"activeStatus":0,"sportsName":"tennis","sportId":"2","competitionName":"Waco Challenger 2023","totalMatched":1120.7,"tvPid":0,"tvMapid":0,"port":0,"time":"2023-02-27T20:00:00Z","bet":0,"isInPlay":0,"usersOnline":0,"noOfBets":0,"session":"","unmatched":0,"id":1,"eventTypeId":"2","competitionId":12561176,"eventId":32141321,"eventName":"Trungelliti v Koepfer","status":1,"markets":[{"marketName":"Match Odds","gameId":421699408,"marketId":"1.210551472","runners":["Marco Trungelliti","Dominik Koepfer"],"open":1,"status":1,"isInPlay":0,"betDelay":5}],"gameId":421699408,"fancyInplay":0,"winTheTossInplay":0,"bookmakerInplay":1,"betLock":0,"activeFancy":0,"vir":0},{"tv":0,"isFancy":false,"isBm":false,"activeStatus":0,"sportsName":"tennis","sportId":"2","competitionName":"ITF Arcadia","totalMatched":4118.93,"tvPid":0,"tvMapid":0,"port":0,"time":"2023-02-27T21:00:00Z","bet":0,"isInPlay":1,"usersOnline":0,"noOfBets":0,"session":"","unmatched":0,"id":1,"eventTypeId":"2","competitionId":12218109,"eventId":32144544,"eventName":"T Wang v M Rose","status":1,"markets":[{"marketName":"Match Odds","gameId":421699445,"marketId":"1.210628565","runners":["T Wang","M Rose"],"open":1,"status":1,"isInPlay":1,"betDelay":5}],"gameId":421699445,"fancyInplay":0,"winTheTossInplay":0,"bookmakerInplay":1,"betLock":0,"activeFancy":0,"vir":0},{"tv":0,"isFancy":false,"isBm":false,"activeStatus":0,"sportsName":"tennis","sportId":"2","competitionName":"ITF Arcadia","totalMatched":2867.17,"tvPid":0,"tvMapid":0,"port":0,"time":"2023-02-27T22:30:00Z","bet":0,"isInPlay":0,"usersOnline":0,"noOfBets":0,"session":"","unmatched":0,"id":1,"eventTypeId":"2","competitionId":12218109,"eventId":32144746,"eventName":"B Walker v T Papikian","status":1,"markets":[{"marketName":"Match Odds","gameId":421699497,"marketId":"1.210627777","runners":["B Walker","T Papikian"],"open":1,"status":1,"isInPlay":0,"betDelay":5}],"gameId":421699497,"fancyInplay":0,"winTheTossInplay":0,"bookmakerInplay":1,"betLock":0,"activeFancy":0,"vir":0},{"tv":0,"isFancy":false,"isBm":false,"activeStatus":0,"sportsName":"tennis","sportId":"2","competitionName":"Waco Challenger 2023","totalMatched":1114.06,"tvPid":0,"tvMapid":0,"port":0,"time":"2023-02-27T18:52:00Z","bet":0,"isInPlay":1,"usersOnline":0,"noOfBets":0,"session":"","unmatched":0,"id":1,"eventTypeId":"2","competitionId":12561176,"eventId":32143256,"eventName":"Kee Smith v Ejupovic","status":1,"markets":[{"marketName":"Match Odds","gameId":421699498,"marketId":"1.210590808","runners":["Keegan Smith","Elmar Ejupovic"],"open":1,"status":1,"isInPlay":1,"betDelay":5}],"gameId":421699498,"fancyInplay":0,"winTheTossInplay":0,"bookmakerInplay":1,"betLock":0,"activeFancy":0,"vir":0},{"tv":0,"isFancy":false,"isBm":false,"activeStatus":0,"sportsName":"tennis","sportId":"2","competitionName":"WTA Monterrey 2023","totalMatched":1974.41,"tvPid":0,"tvMapid":0,"port":0,"time":"2023-02-27T18:10:00Z","bet":0,"isInPlay":1,"usersOnline":0,"noOfBets":0,"session":"","unmatched":0,"id":1,"eventTypeId":"2","competitionId":12560812,"eventId":32142959,"eventName":"Gamiz/Gamarra Martins v Christian/Santamaria","status":1,"markets":[{"marketName":"Match Odds","gameId":421699500,"marketId":"1.210583361","runners":["Gamiz/Gamarra Martins","Christian/Santamaria"],"open":1,"status":1,"isInPlay":1,"betDelay":5}],"gameId":421699500,"fancyInplay":0,"winTheTossInplay":0,"bookmakerInplay":1,"betLock":0,"activeFancy":0,"vir":0},{"tv":0,"isFancy":false,"isBm":false,"activeStatus":0,"sportsName":"tennis","sportId":"2","competitionName":"UTR Croatia Ladies 2023","totalMatched":1519.49,"tvPid":0,"tvMapid":0,"port":0,"time":"2023-02-27T18:02:00Z","bet":0,"isInPlay":1,"usersOnline":0,"noOfBets":0,"session":"","unmatched":0,"id":1,"eventTypeId":"2","competitionId":12560430,"eventId":32135986,"eventName":"S Lazar v Craciun","status":1,"markets":[{"marketName":"Match Odds","gameId":421699512,"marketId":"1.210592608","runners":["S Lazar","G Craciun"],"open":1,"status":1,"isInPlay":1,"betDelay":5}],"gameId":421699512,"fancyInplay":0,"winTheTossInplay":0,"bookmakerInplay":1,"betLock":0,"activeFancy":0,"vir":0}]}