[{"sport":"cricket","eventId":"31821277","marketId":"1.210241776","status":"OPEN","volume":412,"runners":[{"selectionId":86360,"runnerName":"Northern Districts","status":"ACTIVE","backPrice":2.04,"layPrice":1000,"backSize":23.18,"laySize":1.97},{"selectionId":86359,"runnerName":"Canterbury","status":"ACTIVE","backPrice":1.04,"layPrice":2,"backSize":2.27,"laySize":122},{"selectionId":60443,"runnerName":"The Draw","status":"ACTIVE","backPrice":2.06,"layPrice":1000,"backSize":32.43,"laySize":1.45}]},{"sport":"cricket","eventId":"31821276","marketId":"1.210241774","status":"OPEN","volume":2822,"runners":[{"selectionId":86362,"runnerName":"Otago","status":"ACTIVE","backPrice":9,"layPrice":1000,"backSize":15.25,"laySize":1.74},{"selectionId":86361,"runnerName":"Wellington","status":"ACTIVE","backPrice":1.35,"layPrice":2.5,"backSize":6.06,"laySize":5.57},{"selectionId":60443,"runnerName":"The Draw","status":"ACTIVE","backPrice":2,"layPrice":55,"backSize":6.13,"laySize":3.67}]},{"sport":"cricket","eventId":"32124044","marketId":"1.210294046","status":"OPEN","volume":25784140,"runners":[{"selectionId":448,"runnerName":"New Zealand","status":"ACTIVE","backPrice":6.2,"layPrice":6.4,"backSize":1722.82,"laySize":50.58},{"selectionId":10301,"runnerName":"England","status":"ACTIVE","backPrice":1.19,"layPrice":1.2,"backSize":13392.16,"laySize":8901.23},{"selectionId":60443,"runnerName":"The Draw","status":"ACTIVE","backPrice":120,"layPrice":150,"backSize":160.65,"laySize":118.13}]},{"sport":"cricket","eventId":"32113283","marketId":"1.210124775","status":"OPEN","volume":223479,"runners":[{"selectionId":349,"runnerName":"South Africa","status":"ACTIVE","backPrice":1.31,"layPrice":1.32,"backSize":1600.66,"laySize":1995.88},{"selectionId":235,"runnerName":"West Indies","status":"ACTIVE","backPrice":6.8,"layPrice":7,"backSize":930.82,"laySize":309.55},{"selectionId":60443,"runnerName":"The Draw","status":"ACTIVE","backPrice":11,"layPrice":11.5,"backSize":196.02,"laySize":182.34}]},{"sport":"cricket","eventId":"32122102","marketId":"1.210257093","status":"OPEN","volume":150907,"runners":[{"selectionId":414464,"runnerName":"India","status":"ACTIVE","backPrice":1.43,"layPrice":1.44,"backSize":5074.26,"laySize":7128.38},{"selectionId":16606,"runnerName":"Australia","status":"ACTIVE","backPrice":5.4,"layPrice":5.5,"backSize":1671.45,"laySize":130},{"selectionId":60443,"runnerName":"The Draw","status":"ACTIVE","backPrice":8.4,"layPrice":8.6,"backSize":63.78,"laySize":213.11}]},{"sport":"cricket","eventId":"32130783","marketId":"1.210383780","status":"OPEN","volume":714,"runners":[{"selectionId":10791812,"runnerName":"Peshawar Zalmi","status":"ACTIVE","backPrice":1.85,"layPrice":1.89,"backSize":80.85,"laySize":11.17},{"selectionId":10782635,"runnerName":"Karachi Kings","status":"ACTIVE","backPrice":2.12,"layPrice":2.18,"backSize":9.96,"laySize":68.61}]},{"sport":"cricket","eventId":"32132449","marketId":"1.210409363","status":"OPEN","volume":8,"runners":[{"selectionId":10782634,"runnerName":"Lahore Qalandars","status":"ACTIVE","backPrice":1.67,"layPrice":1.73,"backSize":65.83,"laySize":73.54},{"selectionId":10782588,"runnerName":"Quetta Gladiators","status":"ACTIVE","backPrice":2.38,"layPrice":2.5,"backSize":31.96,"laySize":43.97}]},{"sport":"cricket","eventId":"32134962","marketId":"1.210439178","status":"OPEN","volume":264,"runners":[{"selectionId":10782589,"runnerName":"Islamabad United","status":"ACTIVE","backPrice":1.66,"layPrice":1.7,"backSize":16.92,"laySize":5.76},{"selectionId":10782635,"runnerName":"Karachi Kings","status":"ACTIVE","backPrice":2.42,"layPrice":2.52,"backSize":4.05,"laySize":11.15}]},{"sport":"cricket","eventId":"32144074","marketId":"1.210607838","status":"OPEN","volume":6368,"runners":[{"selectionId":7659,"runnerName":"Bangladesh","status":"ACTIVE","backPrice":3.1,"layPrice":3.2,"backSize":10.47,"laySize":49.1},{"selectionId":10301,"runnerName":"England","status":"ACTIVE","backPrice":1.46,"layPrice":1.47,"backSize":60.59,"laySize":4.41}]},{"sport":"cricket","eventId":"32144675","marketId":"1.210626554","status":"OPEN","volume":1360,"runners":[{"selectionId":871131,"runnerName":"UAE","status":"ACTIVE","backPrice":1.2,"layPrice":1.21,"backSize":4.5,"laySize":162.29},{"selectionId":2857977,"runnerName":"Papua New Guinea","status":"ACTIVE","backPrice":5.7,"layPrice":6.4,"backSize":34.45,"laySize":45.07}]},{"sport":"cricket","eventId":"32144676","marketId":"1.210627011","status":"OPEN","volume":4,"runners":[{"selectionId":871131,"runnerName":"UAE","status":"ACTIVE","backPrice":1.36,"layPrice":1.92,"backSize":3.44,"laySize":72.5},{"selectionId":2857971,"runnerName":"Nepal","status":"ACTIVE","backPrice":2.08,"layPrice":3.9,"backSize":66.92,"laySize":4.04}]},{"sport":"cricket","eventId":"32144655","marketId":"1.210624335","status":"OPEN","volume":0,"runners":[{"selectionId":10782634,"runnerName":"Lahore Qalandars","status":"ACTIVE","backPrice":1.75,"layPrice":2.34,"backSize":125,"laySize":93.48},{"selectionId":17162689,"runnerName":"Multan Sultans","status":"ACTIVE","backPrice":1.75,"layPrice":2.34,"backSize":125,"laySize":93.48}]},{"sport":"cricket","eventId":"32127029","marketId":"1.210323950","status":"OPEN","volume":7,"runners":[{"selectionId":52877486,"runnerName":"Gujarat Giants Women","status":"ACTIVE","backPrice":1.78,"layPrice":2.52,"backSize":57.27,"laySize":105.21},{"selectionId":52877485,"runnerName":"Mumbai Indians Women","status":"ACTIVE","backPrice":1.66,"layPrice":2.3,"backSize":83.82,"laySize":86.32}]},{"sport":"soccer","eventId":"32113530","marketId":"1.210127874","status":"OPEN","volume":209049,"runners":[{"selectionId":62683,"runnerName":"Swansea","status":"ACTIVE","backPrice":1.58,"layPrice":1.59,"backSize":4817.94,"laySize":5.54},{"selectionId":18565,"runnerName":"Rotherham","status":"ACTIVE","backPrice":6.6,"layPrice":7,"backSize":607.44,"laySize":415.35},{"selectionId":58805,"runnerName":"The Draw","status":"ACTIVE","backPrice":4.4,"layPrice":4.5,"backSize":970.17,"laySize":1182.6}]},{"sport":"soccer","eventId":"32104143","marketId":"1.209970830","status":"OPEN","volume":1390967,"runners":[{"selectionId":676465,"runnerName":"Verona","status":"ACTIVE","backPrice":340,"layPrice":870,"backSize":5.85,"laySize":14.17},{"selectionId":676467,"runnerName":"Fiorentina","status":"ACTIVE","backPrice":1.02,"layPrice":1.03,"backSize":2103.31,"laySize":8267.56},{"selectionId":58805,"runnerName":"The Draw","status":"ACTIVE","backPrice":40,"layPrice":46,"backSize":10.78,"laySize":6.55}]},{"sport":"soccer","eventId":"32127363","marketId":"1.210328364","status":"OPEN","volume":52870,"runners":[{"selectionId":56295,"runnerName":"Preston","status":"ACTIVE","backPrice":2.9,"layPrice":2.92,"backSize":28.4,"laySize":181.04},{"selectionId":48043,"runnerName":"Coventry","status":"ACTIVE","backPrice":2.8,"layPrice":2.82,"backSize":308.69,"laySize":158.22},{"selectionId":58805,"runnerName":"The Draw","status":"ACTIVE","backPrice":3.35,"layPrice":3.4,"backSize":62.53,"laySize":2002.07}]},{"sport":"soccer","eventId":"32116815","marketId":"1.210173294","status":"OPEN","volume":51709,"runners":[{"selectionId":1096,"runnerName":"Arsenal","status":"ACTIVE","backPrice":1.39,"layPrice":1.4,"backSize":5862.71,"laySize":10218.61},{"selectionId":56343,"runnerName":"Everton","status":"ACTIVE","backPrice":11,"layPrice":11.5,"backSize":1059.62,"laySize":1179.17},{"selectionId":58805,"runnerName":"The Draw","status":"ACTIVE","backPrice":5.2,"layPrice":5.3,"backSize":1031.6,"laySize":2287.02}]},{"sport":"soccer","eventId":"32116872","marketId":"1.210173152","status":"OPEN","volume":28230,"runners":[{"selectionId":56323,"runnerName":"Liverpool","status":"ACTIVE","backPrice":1.52,"layPrice":1.53,"backSize":3678.85,"laySize":34.61},{"selectionId":48044,"runnerName":"Wolves","status":"ACTIVE","backPrice":7.2,"layPrice":7.4,"backSize":1408,"laySize":282.63},{"selectionId":58805,"runnerName":"The Draw","status":"ACTIVE","backPrice":4.8,"layPrice":4.9,"backSize":55.69,"laySize":1334.52}]},{"sport":"soccer","eventId":"32075262","marketId":"1.209483208","status":"OPEN","volume":44038,"runners":[{"selectionId":69745,"runnerName":"Bristol City","status":"ACTIVE","backPrice":14,"layPrice":14.5,"backSize":84.75,"laySize":27.56},{"selectionId":47999,"runnerName":"Man City","status":"ACTIVE","backPrice":1.26,"layPrice":1.27,"backSize":3313.73,"laySize":2727.59},{"selectionId":58805,"runnerName":"The Draw","status":"ACTIVE","backPrice":7.4,"layPrice":7.6,"backSize":28.46,"laySize":621.37}]},{"sport":"soccer","eventId":"32104145","marketId":"1.209970590","status":"OPEN","volume":426451,"runners":[{"selectionId":56966,"runnerName":"Lazio","status":"ACTIVE","backPrice":1.44,"layPrice":1.45,"backSize":705.79,"laySize":8188.38},{"selectionId":60311,"runnerName":"Sampdoria","status":"ACTIVE","backPrice":9.8,"layPrice":10,"backSize":239.75,"laySize":119.41},{"selectionId":58805,"runnerName":"The Draw","status":"ACTIVE","backPrice":4.8,"layPrice":4.9,"backSize":2059.69,"laySize":73.88}]},{"sport":"soccer","eventId":"32137038","marketId":"1.210473708","status":"OPEN","volume":14417,"runners":[{"selectionId":50349,"runnerName":"FC Utrecht","status":"ACTIVE","backPrice":1.62,"layPrice":1.63,"backSize":32.99,"laySize":11},{"selectionId":49058,"runnerName":"Fortuna Sittard","status":"ACTIVE","backPrice":5.5,"layPrice":6,"backSize":13.53,"laySize":7.48},{"selectionId":58805,"runnerName":"The Draw","status":"ACTIVE","backPrice":4.5,"layPrice":5,"backSize":9.84,"laySize":10.69}]},{"sport":"soccer","eventId":"32104150","marketId":"1.209967968","status":"OPEN","volume":22419,"runners":[{"selectionId":10513040,"runnerName":"US Cremonese","status":"ACTIVE","backPrice":5.7,"layPrice":5.8,"backSize":270.88,"laySize":101.25},{"selectionId":56967,"runnerName":"Roma","status":"ACTIVE","backPrice":1.77,"layPrice":1.78,"backSize":849.7,"laySize":271.4},{"selectionId":58805,"runnerName":"The Draw","status":"ACTIVE","backPrice":3.75,"layPrice":3.8,"backSize":379.81,"laySize":149.48}]},{"sport":"soccer","eventId":"32103573","marketId":"1.209956748","status":"OPEN","volume":263954,"runners":[{"selectionId":28191,"runnerName":"Villarreal","status":"ACTIVE","backPrice":1.75,"layPrice":1.76,"backSize":3888.43,"laySize":1889.79},{"selectionId":248010,"runnerName":"Getafe","status":"ACTIVE","backPrice":6.2,"layPrice":6.4,"backSize":1016.41,"laySize":46.91},{"selectionId":58805,"runnerName":"The Draw","status":"ACTIVE","backPrice":3.65,"layPrice":3.7,"backSize":610.25,"laySize":163.13}]},{"sport":"soccer","eventId":"32122459","marketId":"1.210284159","status":"OPEN","volume":51361,"runners":[{"selectionId":2469649,"runnerName":"Wellington Phoenix","status":"ACTIVE","backPrice":2.04,"layPrice":2.1,"backSize":866.06,"laySize":49.6},{"selectionId":1205125,"runnerName":"Newcastle Jets","status":"ACTIVE","backPrice":3.7,"layPrice":3.9,"backSize":20,"laySize":21.07},{"selectionId":58805,"runnerName":"The Draw","status":"ACTIVE","backPrice":3.85,"layPrice":4.2,"backSize":4.66,"laySize":29.79}]},{"sport":"soccer","eventId":"32104147","marketId":"1.209970470","status":"OPEN","volume":14287,"runners":[{"selectionId":52475015,"runnerName":"Juventus","status":"ACTIVE","backPrice":1.78,"layPrice":1.79,"backSize":579.92,"laySize":343.36},{"selectionId":44503,"runnerName":"Torino","status":"ACTIVE","backPrice":5.7,"layPrice":5.8,"backSize":127,"laySize":286.23},{"selectionId":58805,"runnerName":"The Draw","status":"ACTIVE","backPrice":3.75,"layPrice":3.8,"backSize":512.49,"laySize":559.74}]},{"sport":"soccer","eventId":"32124147","marketId":"1.210285959","status":"OPEN","volume":269882,"runners":[{"selectionId":52495073,"runnerName":"Sporting Lisbon","status":"ACTIVE","backPrice":1.2,"layPrice":1.21,"backSize":939.98,"laySize":4424.2},{"selectionId":8942696,"runnerName":"Estoril Praia","status":"ACTIVE","backPrice":21,"layPrice":22,"backSize":5.59,"laySize":111.39},{"selectionId":58805,"runnerName":"The Draw","status":"ACTIVE","backPrice":7.8,"layPrice":8,"backSize":329.23,"laySize":42.7}]},{"sport":"soccer","eventId":"32126498","marketId":"1.210317357","status":"OPEN","volume":39543,"runners":[{"selectionId":2255452,"runnerName":"Granada","status":"ACTIVE","backPrice":1.72,"layPrice":1.73,"backSize":1310.52,"laySize":20.07},{"selectionId":13360,"runnerName":"Malaga","status":"ACTIVE","backPrice":6.4,"layPrice":6.6,"backSize":349.9,"laySize":388.56},{"selectionId":58805,"runnerName":"The Draw","status":"ACTIVE","backPrice":3.65,"layPrice":3.7,"backSize":512.27,"laySize":328.66}]},{"sport":"soccer","eventId":"32123570","marketId":"1.210272017","status":"OPEN","volume":69053,"runners":[{"selectionId":28220,"runnerName":"Midtjylland","status":"ACTIVE","backPrice":2.78,"layPrice":2.82,"backSize":127.18,"laySize":12.64},{"selectionId":28223,"runnerName":"Brondby","status":"ACTIVE","backPrice":3.8,"layPrice":3.85,"backSize":23.98,"laySize":149.97},{"selectionId":58805,"runnerName":"The Draw","status":"ACTIVE","backPrice":2.58,"layPrice":2.62,"backSize":212.12,"laySize":8.97}]},{"sport":"soccer","eventId":"32114906","marketId":"1.210149121","status":"OPEN","volume":24696,"runners":[{"selectionId":2426,"runnerName":"Real Madrid","status":"ACTIVE","backPrice":2,"layPrice":2.02,"backSize":51.78,"laySize":32.23},{"selectionId":52480964,"runnerName":"Barcelona","status":"ACTIVE","backPrice":4,"layPrice":4.3,"backSize":40.21,"laySize":27.26},{"selectionId":58805,"runnerName":"The Draw","status":"ACTIVE","backPrice":3.7,"layPrice":3.85,"backSize":56.24,"laySize":5}]},{"sport":"soccer","eventId":"32120452","marketId":"1.210224068","status":"OPEN","volume":10995,"runners":[{"selectionId":47999,"runnerName":"Man City","status":"ACTIVE","backPrice":1.47,"layPrice":1.48,"backSize":586.55,"laySize":288.62},{"selectionId":25422,"runnerName":"Newcastle","status":"ACTIVE","backPrice":7.6,"layPrice":7.8,"backSize":7.09,"laySize":120.15},{"selectionId":58805,"runnerName":"The Draw","status":"ACTIVE","backPrice":5.2,"layPrice":5.3,"backSize":6.36,"laySize":187.13}]},{"sport":"soccer","eventId":"32127398","marketId":"1.210328974","status":"OPEN","volume":17488,"runners":[{"selectionId":62783,"runnerName":"Sunderland","status":"ACTIVE","backPrice":2.34,"layPrice":2.4,"backSize":4.2,"laySize":17.03},{"selectionId":69720,"runnerName":"Stoke","status":"ACTIVE","backPrice":3.5,"layPrice":3.6,"backSize":47.19,"laySize":65.13},{"selectionId":58805,"runnerName":"The Draw","status":"ACTIVE","backPrice":3.35,"layPrice":3.5,"backSize":14.15,"laySize":2.81}]},{"sport":"soccer","eventId":"32127388","marketId":"1.210329674","status":"OPEN","volume":20071,"runners":[{"selectionId":64964,"runnerName":"Blackpool","status":"ACTIVE","backPrice":6.6,"layPrice":7.2,"backSize":4.75,"laySize":15.25},{"selectionId":56299,"runnerName":"Burnley","status":"ACTIVE","backPrice":1.63,"layPrice":1.64,"backSize":96.35,"laySize":455.8},{"selectionId":58805,"runnerName":"The Draw","status":"ACTIVE","backPrice":4,"layPrice":4.2,"backSize":18.69,"laySize":6.28}]},{"sport":"soccer","eventId":"32127389","marketId":"1.210329385","status":"OPEN","volume":13273,"runners":[{"selectionId":56301,"runnerName":"Watford","status":"ACTIVE","backPrice":1.91,"layPrice":1.92,"backSize":37.3,"laySize":487.24},{"selectionId":56295,"runnerName":"Preston","status":"ACTIVE","backPrice":4.3,"layPrice":4.9,"backSize":12.68,"laySize":6.25},{"selectionId":58805,"runnerName":"The Draw","status":"ACTIVE","backPrice":3.6,"layPrice":4.1,"backSize":14.15,"laySize":27.08}]},{"sport":"soccer","eventId":"32127383","marketId":"1.210331148","status":"OPEN","volume":25617,"runners":[{"selectionId":69746,"runnerName":"Wigan","status":"ACTIVE","backPrice":2.42,"layPrice":2.46,"backSize":47.03,"laySize":9.53},{"selectionId":48759,"runnerName":"Birmingham","status":"ACTIVE","backPrice":3.4,"layPrice":3.55,"backSize":26.61,"laySize":19.62},{"selectionId":58805,"runnerName":"The Draw","status":"ACTIVE","backPrice":3.25,"layPrice":3.45,"backSize":25.58,"laySize":26.24}]},{"sport":"soccer","eventId":"32122312","marketId":"1.210254656","status":"OPEN","volume":9401,"runners":[{"selectionId":18567,"runnerName":"Brighton","status":"ACTIVE","backPrice":1.85,"layPrice":1.86,"backSize":93.84,"laySize":69.68},{"selectionId":48756,"runnerName":"West Ham","status":"ACTIVE","backPrice":4.7,"layPrice":4.8,"backSize":59.59,"laySize":56.22},{"selectionId":58805,"runnerName":"The Draw","status":"ACTIVE","backPrice":4,"layPrice":4.1,"backSize":25,"laySize":370.99}]},{"sport":"soccer","eventId":"32104099","marketId":"1.209965361","status":"OPEN","volume":107568,"runners":[{"selectionId":14299496,"runnerName":"ACS Petrolul 52","status":"ACTIVE","backPrice":30,"layPrice":34,"backSize":32.15,"laySize":38.07},{"selectionId":1193695,"runnerName":"CFR Cluj","status":"ACTIVE","backPrice":1.25,"layPrice":1.26,"backSize":72.45,"laySize":2902.94},{"selectionId":58805,"runnerName":"The Draw","status":"ACTIVE","backPrice":5.9,"layPrice":6,"backSize":207.39,"laySize":520.07}]},{"sport":"soccer","eventId":"32127476","marketId":"1.210334645","status":"OPEN","volume":13390,"runners":[{"selectionId":50085,"runnerName":"Guimaraes","status":"ACTIVE","backPrice":4.3,"layPrice":4.4,"backSize":100.52,"laySize":9.89},{"selectionId":48799,"runnerName":"Braga","status":"ACTIVE","backPrice":2,"layPrice":2.02,"backSize":124.73,"laySize":157.14},{"selectionId":58805,"runnerName":"The Draw","status":"ACTIVE","backPrice":3.6,"layPrice":3.7,"backSize":82.16,"laySize":188.37}]},{"sport":"soccer","eventId":"32126400","marketId":"1.210317474","status":"OPEN","volume":18522,"runners":[{"selectionId":70467,"runnerName":"Amiens","status":"ACTIVE","backPrice":2.94,"layPrice":2.96,"backSize":7.16,"laySize":106.06},{"selectionId":10501,"runnerName":"Bordeaux","status":"ACTIVE","backPrice":2.64,"layPrice":2.68,"backSize":698.5,"laySize":69.29},{"selectionId":58805,"runnerName":"The Draw","status":"ACTIVE","backPrice":3.5,"layPrice":3.55,"backSize":236.49,"laySize":1203.46}]},{"sport":"soccer","eventId":"32130262","marketId":"1.210378756","status":"CLOSED","volume":0,"runners":[{"selectionId":7024303,"runnerName":"El Geish","status":"LOSER","backPrice":null,"layPrice":null,"backSize":null,"laySize":null},{"selectionId":7023879,"runnerName":"Al Ittihad (EGY)","status":"WINNER","backPrice":null,"layPrice":null,"backSize":null,"laySize":null},{"selectionId":58805,"runnerName":"The Draw","status":"LOSER","backPrice":null,"layPrice":null,"backSize":null,"laySize":null}]},{"sport":"soccer","eventId":"32134092","marketId":"1.210431461","status":"OPEN","volume":35755,"runners":[{"selectionId":844519,"runnerName":"Hapoel Beer Sheva","status":"ACTIVE","backPrice":1.11,"layPrice":1.12,"backSize":1409.41,"laySize":959.63},{"selectionId":21068233,"runnerName":"Maccabi Bnei Raina","status":"ACTIVE","backPrice":80,"layPrice":90,"backSize":2,"laySize":9.72},{"selectionId":58805,"runnerName":"The Draw","status":"ACTIVE","backPrice":11,"layPrice":11.5,"backSize":11.44,"laySize":22.66}]},{"sport":"soccer","eventId":"32141695","marketId":"1.210558176","status":"OPEN","volume":42153,"runners":[{"selectionId":6586873,"runnerName":"West Ham U21","status":"ACTIVE","backPrice":2.82,"layPrice":2.96,"backSize":31.93,"laySize":3.05},{"selectionId":6865403,"runnerName":"Brighton U21","status":"ACTIVE","backPrice":2.3,"layPrice":2.34,"backSize":3.89,"laySize":92.02},{"selectionId":58805,"runnerName":"The Draw","status":"ACTIVE","backPrice":4.4,"layPrice":4.7,"backSize":64.45,"laySize":40.92}]},{"sport":"soccer","eventId":"32141952","marketId":"1.210566911","status":"OPEN","volume":36063,"runners":[{"selectionId":7840178,"runnerName":"Hull City U21","status":"ACTIVE","backPrice":2.46,"layPrice":2.6,"backSize":24.73,"laySize":11.19},{"selectionId":10351446,"runnerName":"Burnley U21","status":"ACTIVE","backPrice":2.46,"layPrice":2.48,"backSize":11.83,"laySize":40.32},{"selectionId":58805,"runnerName":"The Draw","status":"ACTIVE","backPrice":4.8,"layPrice":5.2,"backSize":10.02,"laySize":6}]},{"sport":"soccer","eventId":"32141694","marketId":"1.210558266","status":"OPEN","volume":36441,"runners":[{"selectionId":6615322,"runnerName":"Tottenham U21","status":"ACTIVE","backPrice":1.53,"layPrice":1.55,"backSize":128.59,"laySize":483.81},{"selectionId":13542596,"runnerName":"Crystal Palace U21","status":"ACTIVE","backPrice":6,"layPrice":6.4,"backSize":21.42,"laySize":36.45},{"selectionId":58805,"runnerName":"The Draw","status":"ACTIVE","backPrice":5.1,"layPrice":5.5,"backSize":10.63,"laySize":64.6}]},{"sport":"soccer","eventId":"32127373","marketId":"1.210328629","status":"OPEN","volume":23687,"runners":[{"selectionId":784612,"runnerName":"Degerfors","status":"ACTIVE","backPrice":1.19,"layPrice":1.2,"backSize":519.63,"laySize":559.43},{"selectionId":14112862,"runnerName":"Skovde AIK","status":"ACTIVE","backPrice":48,"layPrice":55,"backSize":16.7,"laySize":6.53},{"selectionId":58805,"runnerName":"The Draw","status":"ACTIVE","backPrice":6.6,"layPrice":7,"backSize":160.71,"laySize":71.29}]},{"sport":"soccer","eventId":"32131029","marketId":"1.210386465","status":"OPEN","volume":19246,"runners":[{"selectionId":8704630,"runnerName":"MVV Maastricht","status":"ACTIVE","backPrice":6.8,"layPrice":8.2,"backSize":48,"laySize":27},{"selectionId":8750569,"runnerName":"PEC Zwolle","status":"ACTIVE","backPrice":1.42,"layPrice":1.47,"backSize":23.62,"laySize":213},{"selectionId":58805,"runnerName":"The Draw","status":"ACTIVE","backPrice":5.5,"layPrice":6.6,"backSize":19.01,"laySize":33.5}]},{"sport":"soccer","eventId":"32127370","marketId":"1.210328808","status":"OPEN","volume":32533,"runners":[{"selectionId":406886,"runnerName":"IFK Lulea","status":"ACTIVE","backPrice":24,"layPrice":46,"backSize":3.85,"laySize":2.55},{"selectionId":174383,"runnerName":"Malmo FF","status":"ACTIVE","backPrice":1.38,"layPrice":1.39,"backSize":126.14,"laySize":58.05},{"selectionId":58805,"runnerName":"The Draw","status":"ACTIVE","backPrice":4,"layPrice":4.2,"backSize":15.98,"laySize":7.78}]},{"sport":"soccer","eventId":"32125778","marketId":"1.210310275","status":"OPEN","volume":19364,"runners":[{"selectionId":166904,"runnerName":"Zaglebie Lubin","status":"ACTIVE","backPrice":3.2,"layPrice":3.25,"backSize":53.89,"laySize":13.57},{"selectionId":4935893,"runnerName":"Miedz Legnica","status":"ACTIVE","backPrice":3.55,"layPrice":3.65,"backSize":29.2,"laySize":158.55},{"selectionId":58805,"runnerName":"The Draw","status":"ACTIVE","backPrice":2.42,"layPrice":2.44,"backSize":12.73,"laySize":51.9}]},{"sport":"soccer","eventId":"32133828","marketId":"1.210423670","status":"OPEN","volume":8421,"runners":[{"selectionId":706904,"runnerName":"Jorge Wilstermann","status":"ACTIVE","backPrice":1.45,"layPrice":1.48,"backSize":106.73,"laySize":57.81},{"selectionId":25239204,"runnerName":"Vaca Diez","status":"ACTIVE","backPrice":7.2,"layPrice":8,"backSize":14.02,"laySize":11.17},{"selectionId":58805,"runnerName":"The Draw","status":"ACTIVE","backPrice":5.3,"layPrice":5.6,"backSize":12.97,"laySize":5.19}]},{"sport":"soccer","eventId":"32141639","marketId":"1.210556748","status":"OPEN","volume":22202,"runners":[{"selectionId":598919,"runnerName":"Bradford PA","status":"ACTIVE","backPrice":8.4,"layPrice":8.8,"backSize":5,"laySize":13.83},{"selectionId":14908274,"runnerName":"Scarborough Athletic","status":"ACTIVE","backPrice":1.44,"layPrice":1.45,"backSize":107,"laySize":25.54},{"selectionId":58805,"runnerName":"The Draw","status":"ACTIVE","backPrice":5.2,"layPrice":5.4,"backSize":10,"laySize":18.37}]},{"sport":"soccer","eventId":"32130925","marketId":"1.210385236","status":"OPEN","volume":12377,"runners":[{"selectionId":198124,"runnerName":"Vasco Da Gama","status":"ACTIVE","backPrice":1.14,"layPrice":1.15,"backSize":298.36,"laySize":1859.7},{"selectionId":5244889,"runnerName":"Boavista RJ","status":"ACTIVE","backPrice":30,"layPrice":34,"backSize":9.41,"laySize":8.37},{"selectionId":58805,"runnerName":"The Draw","status":"ACTIVE","backPrice":10.5,"layPrice":11,"backSize":12,"laySize":2}]},{"sport":"soccer","eventId":"32125858","marketId":"1.210310882","status":"OPEN","volume":17135,"runners":[{"selectionId":6542379,"runnerName":"Viktoria Koln","status":"ACTIVE","backPrice":12,"layPrice":13,"backSize":42.44,"laySize":3.6},{"selectionId":5763643,"runnerName":"Freiburg II","status":"ACTIVE","backPrice":1.43,"layPrice":1.45,"backSize":530.03,"laySize":357},{"selectionId":58805,"runnerName":"The Draw","status":"ACTIVE","backPrice":4.2,"layPrice":4.4,"backSize":869.84,"laySize":106.12}]},{"sport":"soccer","eventId":"32131028","marketId":"1.210386555","status":"SUSPENDED","volume":11371,"runners":[{"selectionId":7976153,"runnerName":"Jong PSV Eindhoven","status":"ACTIVE","backPrice":2.54,"layPrice":2.62,"backSize":13.75,"laySize":69},{"selectionId":5320893,"runnerName":"Jong AZ Alkmaar","status":"ACTIVE","backPrice":2.8,"layPrice":2.92,"backSize":57,"laySize":62.16},{"selectionId":58805,"runnerName":"The Draw","status":"ACTIVE","backPrice":3.7,"layPrice":3.9,"backSize":58.61,"laySize":9.85}]},{"sport":"tennis","eventId":"32138668","marketId":"1.210500660","status":"OPEN","volume":1281180,"runners":[{"selectionId":19924823,"runnerName":"Alexander Zverev","status":"ACTIVE","backPrice":1.22,"layPrice":1.26,"backSize":31.37,"laySize":1165.25},{"selectionId":13203243,"runnerName":"Jiri Lehecka","status":"ACTIVE","backPrice":4.8,"layPrice":5.6,"backSize":305.88,"laySize":6.83}]},{"sport":"tennis","eventId":"32140534","marketId":"1.210531253","status":"OPEN","volume":2386,"runners":[{"selectionId":7445660,"runnerName":"Christopher Eubanks","status":"ACTIVE","backPrice":1.23,"layPrice":1.24,"backSize":301.93,"laySize":1909.82},{"selectionId":2265109,"runnerName":"Feliciano Lopez","status":"ACTIVE","backPrice":5.1,"layPrice":5.3,"backSize":488.96,"laySize":35.62}]},{"sport":"tennis","eventId":"32140759","marketId":"1.210533141","status":"OPEN","volume":3443,"runners":[{"selectionId":8714569,"runnerName":"Lin Zhu","status":"ACTIVE","backPrice":1.4,"layPrice":1.41,"backSize":81.08,"laySize":1337.09},{"selectionId":9304685,"runnerName":"Anna Bondar","status":"ACTIVE","backPrice":3.4,"layPrice":3.5,"backSize":595.07,"laySize":32.43}]},{"sport":"tennis","eventId":"32138658","marketId":"1.210500694","status":"OPEN","volume":2766,"runners":[{"selectionId":11510005,"runnerName":"Maxime Cressy","status":"ACTIVE","backPrice":3.55,"layPrice":3.7,"backSize":20.4,"laySize":43.86},{"selectionId":12210252,"runnerName":"Felix Auger-Aliassime","status":"ACTIVE","backPrice":1.38,"layPrice":1.4,"backSize":4.4,"laySize":180.33}]},{"sport":"tennis","eventId":"32142957","marketId":"1.210583353","status":"OPEN","volume":1060,"runners":[{"selectionId":53083453,"runnerName":"Birrell/Contreras Gomez","status":"ACTIVE","backPrice":2.1,"layPrice":2.6,"backSize":59.43,"laySize":54.43},{"selectionId":43138952,"runnerName":"Barnett/Nicholls","status":"ACTIVE","backPrice":1.63,"layPrice":1.91,"backSize":86.81,"laySize":65.34}]},{"sport":"tennis","eventId":"32140524","marketId":"1.210531567","status":"OPEN","volume":14067,"runners":[{"selectionId":25215583,"runnerName":"Carlos Alcaraz","status":"ACTIVE","backPrice":1.46,"layPrice":1.48,"backSize":38.69,"laySize":57.42},{"selectionId":10691901,"runnerName":"Mackenzie McDonald","status":"ACTIVE","backPrice":3.1,"layPrice":3.15,"backSize":27.41,"laySize":17.93}]},{"sport":"tennis","eventId":"32141205","marketId":"1.210546965","status":"OPEN","volume":2554,"runners":[{"selectionId":11694656,"runnerName":"Marta Kostyuk","status":"ACTIVE","backPrice":1.28,"layPrice":1.31,"backSize":485.63,"laySize":90.77},{"selectionId":9304691,"runnerName":"Dalma Galfi","status":"ACTIVE","backPrice":4.3,"layPrice":4.6,"backSize":27.65,"laySize":135.13}]},{"sport":"tennis","eventId":"32140884","marketId":"1.210538206","status":"OPEN","volume":8398,"runners":[{"selectionId":9630879,"runnerName":"Alejandro Tabilo","status":"ACTIVE","backPrice":1.79,"layPrice":1.82,"backSize":296.74,"laySize":509.89},{"selectionId":9350385,"runnerName":"Jaume Munar","status":"ACTIVE","backPrice":2.2,"layPrice":2.28,"backSize":825.35,"laySize":294.54}]},{"sport":"tennis","eventId":"32143603","marketId":"1.210596910","status":"OPEN","volume":224279,"runners":[{"selectionId":9635244,"runnerName":"Anna Blinkova","status":"ACTIVE","backPrice":1.27,"layPrice":1.28,"backSize":13617.07,"laySize":157.08},{"selectionId":11313157,"runnerName":"Ann Li","status":"ACTIVE","backPrice":4.5,"layPrice":4.8,"backSize":44.68,"laySize":3602.85}]},{"sport":"tennis","eventId":"32138648","marketId":"1.210499982","status":"OPEN","volume":2470,"runners":[{"selectionId":7659623,"runnerName":"Karen Khachanov","status":"ACTIVE","backPrice":1.5,"layPrice":1.51,"backSize":40.2,"laySize":171.63},{"selectionId":11204614,"runnerName":"Botic Van de Zandschulp","status":"ACTIVE","backPrice":2.96,"layPrice":3,"backSize":145.58,"laySize":20.1}]},{"sport":"tennis","eventId":"32142114","marketId":"1.210568573","status":"OPEN","volume":2521,"runners":[{"selectionId":2249229,"runnerName":"Novak Djokovic","status":"ACTIVE","backPrice":1.07,"layPrice":1.08,"backSize":313.03,"laySize":1219.83},{"selectionId":16149495,"runnerName":"Tomas Machac","status":"ACTIVE","backPrice":14,"layPrice":15,"backSize":20.35,"laySize":10.55}]},{"sport":"tennis","eventId":"32141170","marketId":"1.210546258","status":"OPEN","volume":1334,"runners":[{"selectionId":7083215,"runnerName":"Magda Linette","status":"ACTIVE","backPrice":1.4,"layPrice":1.42,"backSize":78.62,"laySize":73.1},{"selectionId":10942984,"runnerName":"Varvara Gracheva","status":"ACTIVE","backPrice":3.4,"layPrice":3.5,"backSize":30.53,"laySize":31.45}]},{"sport":"tennis","eventId":"32140494","marketId":"1.210530474","status":"OPEN","volume":2403,"runners":[{"selectionId":8230256,"runnerName":"Marcos Giron","status":"ACTIVE","backPrice":1.62,"layPrice":1.64,"backSize":727.35,"laySize":20},{"selectionId":8798905,"runnerName":"Michael Mmoh","status":"ACTIVE","backPrice":2.56,"layPrice":2.62,"backSize":12.81,"laySize":449.73}]},{"sport":"tennis","eventId":"32142892","marketId":"1.210582316","status":"OPEN","volume":57347,"runners":[{"selectionId":8461316,"runnerName":"Pedro Cachin","status":"ACTIVE","backPrice":2.52,"layPrice":2.54,"backSize":14.21,"laySize":257.94},{"selectionId":42313580,"runnerName":"Manuel Cerundolo","status":"ACTIVE","backPrice":1.65,"layPrice":1.66,"backSize":397.07,"laySize":505.12}]},{"sport":"tennis","eventId":"32143727","marketId":"1.210600434","status":"OPEN","volume":5233,"runners":[{"selectionId":8173434,"runnerName":"Taro Daniel","status":"ACTIVE","backPrice":2.54,"layPrice":2.62,"backSize":73.62,"laySize":425.9},{"selectionId":24339655,"runnerName":"J.j. Wolf","status":"ACTIVE","backPrice":1.62,"layPrice":1.65,"backSize":609.76,"laySize":511.72}]},{"sport":"tennis","eventId":"32142897","marketId":"1.210582681","status":"OPEN","volume":1844,"runners":[{"selectionId":8979354,"runnerName":"Riccardo Bonadio","status":"ACTIVE","backPrice":2.72,"layPrice":2.78,"backSize":15.62,"laySize":16.72},{"selectionId":8860646,"runnerName":"Daniel Elahi Galan","status":"ACTIVE","backPrice":1.56,"layPrice":1.59,"backSize":1051.97,"laySize":26.72}]},{"sport":"tennis","eventId":"32142099","marketId":"1.210568567","status":"OPEN","volume":38615,"runners":[{"selectionId":19924831,"runnerName":"Daniil Medvedev","status":"ACTIVE","backPrice":1.03,"layPrice":1.04,"backSize":2725.62,"laySize":192.09},{"selectionId":21067270,"runnerName":"Matteo Arnaldi","status":"ACTIVE","backPrice":26,"layPrice":36,"backSize":7.68,"laySize":77.98}]},{"sport":"tennis","eventId":"32140554","marketId":"1.210532086","status":"OPEN","volume":3564,"runners":[{"selectionId":39460566,"runnerName":"Ben Shelton","status":"ACTIVE","backPrice":3.05,"layPrice":3.15,"backSize":21.52,"laySize":568.76},{"selectionId":39127965,"runnerName":"Holger Rune","status":"ACTIVE","backPrice":1.47,"layPrice":1.49,"backSize":1218.78,"laySize":124.05}]},{"sport":"tennis","eventId":"32141180","marketId":"1.210546257","status":"OPEN","volume":56017,"runners":[{"selectionId":9631526,"runnerName":"Mirjam Bjorklund","status":"ACTIVE","backPrice":2.84,"layPrice":2.98,"backSize":439.77,"laySize":122.28},{"selectionId":11233227,"runnerName":"Alycia Parks","status":"ACTIVE","backPrice":1.51,"layPrice":1.54,"backSize":241.31,"laySize":811}]},{"sport":"tennis","eventId":"32140529","marketId":"1.210530955","status":"OPEN","volume":1815,"runners":[{"selectionId":10279360,"runnerName":"Taylor Fritz","status":"ACTIVE","backPrice":1.34,"layPrice":1.36,"backSize":181.77,"laySize":1667.1},{"selectionId":2474763,"runnerName":"John Isner","status":"ACTIVE","backPrice":3.8,"layPrice":3.95,"backSize":41.47,"laySize":61.66}]},{"sport":"tennis","eventId":"32143535","marketId":"1.210596081","status":"OPEN","volume":2642,"runners":[{"selectionId":8979329,"runnerName":"Emil Ruusuvuori","status":"ACTIVE","backPrice":1.58,"layPrice":1.61,"backSize":75.8,"laySize":93.54},{"selectionId":8942164,"runnerName":"Christopher O'Connell","status":"ACTIVE","backPrice":2.64,"layPrice":2.74,"backSize":35.59,"laySize":43.71}]},{"sport":"tennis","eventId":"32140509","marketId":"1.210530969","status":"OPEN","volume":8421,"runners":[{"selectionId":19924829,"runnerName":"Denis Shapovalov","status":"ACTIVE","backPrice":1.67,"layPrice":1.69,"backSize":32.71,"laySize":1263.53},{"selectionId":9657480,"runnerName":"Miomir Kecmanovic","status":"ACTIVE","backPrice":2.46,"layPrice":2.5,"backSize":21.92,"laySize":155.2}]},{"sport":"tennis","eventId":"32141200","marketId":"1.210547235","status":"OPEN","volume":1378,"runners":[{"selectionId":8595916,"runnerName":"Harriet Dart","status":"ACTIVE","backPrice":2.74,"layPrice":2.82,"backSize":15.21,"laySize":24.95},{"selectionId":2386498,"runnerName":"Shuai Zhang","status":"ACTIVE","backPrice":1.55,"layPrice":1.58,"backSize":45.4,"laySize":26.38}]},{"sport":"tennis","eventId":"32139360","marketId":"1.210517305","status":"OPEN","volume":921,"runners":[{"selectionId":10460213,"runnerName":"Max Purcell","status":"ACTIVE","backPrice":1.2,"layPrice":1.22,"backSize":201.39,"laySize":63.78},{"selectionId":40484543,"runnerName":"Mukund Sasikumar","status":"ACTIVE","backPrice":5.6,"layPrice":6,"backSize":9.16,"laySize":40.28}]},{"sport":"tennis","eventId":"32143438","marketId":"1.210593806","status":"CLOSED","volume":0,"runners":[{"selectionId":9202281,"runnerName":"Caroline Dolehide","status":"WINNER","backPrice":null,"layPrice":null,"backSize":null,"laySize":null},{"selectionId":11173943,"runnerName":"Jule Niemeier","status":"LOSER","backPrice":null,"layPrice":null,"backSize":null,"laySize":null}]},{"sport":"tennis","eventId":"32143592","marketId":"1.210596733","status":"OPEN","volume":5392,"runners":[{"selectionId":13835088,"runnerName":"Peyton Stearns","status":"ACTIVE","backPrice":2.06,"layPrice":2.1,"backSize":35.05,"laySize":47.3},{"selectionId":8619018,"runnerName":"Katie Boulter","status":"ACTIVE","backPrice":1.9,"layPrice":1.95,"backSize":851.45,"laySize":37.04}]},{"sport":"tennis","eventId":"32143598","marketId":"1.210596732","status":"OPEN","volume":13004,"runners":[{"selectionId":7414059,"runnerName":"Danka Kovinic","status":"ACTIVE","backPrice":1.91,"layPrice":1.95,"backSize":943.56,"laySize":114.2},{"selectionId":4174997,"runnerName":"H Watson","status":"ACTIVE","backPrice":2.06,"layPrice":2.1,"backSize":29.12,"laySize":858.19}]},{"sport":"tennis","eventId":"32140739","marketId":"1.210532693","status":"OPEN","volume":1000,"runners":[{"selectionId":40900202,"runnerName":"Anna Karolina Schmiedlova","status":"ACTIVE","backPrice":6.2,"layPrice":6.6,"backSize":134.66,"laySize":531.84},{"selectionId":8442764,"runnerName":"Marie Bouzkova","status":"ACTIVE","backPrice":1.18,"layPrice":1.19,"backSize":2974.72,"laySize":701.6}]},{"sport":"tennis","eventId":"32142887","marketId":"1.210582308","status":"OPEN","volume":1878,"runners":[{"selectionId":9635538,"runnerName":"Camilo Ugo Carabelli","status":"ACTIVE","backPrice":3.05,"layPrice":3.2,"backSize":60.05,"laySize":66.12},{"selectionId":4688724,"runnerName":"Dusan Lajovic","status":"ACTIVE","backPrice":1.46,"layPrice":1.49,"backSize":89.04,"laySize":168.63}]},{"sport":"tennis","eventId":"32140549","marketId":"1.210531839","status":"OPEN","volume":5288,"runners":[{"selectionId":7137497,"runnerName":"Yoshihito Nishioka","status":"ACTIVE","backPrice":2.68,"layPrice":2.74,"backSize":30.67,"laySize":114.29},{"selectionId":19924839,"runnerName":"Frances Tiafoe","status":"ACTIVE","backPrice":1.58,"layPrice":1.59,"backSize":77.81,"laySize":51.7}]},{"sport":"tennis","eventId":"32140504","marketId":"1.210530473","status":"OPEN","volume":2531,"runners":[{"selectionId":4994250,"runnerName":"Emilio Gomez","status":"ACTIVE","backPrice":6,"layPrice":6.6,"backSize":453.34,"laySize":148.67},{"selectionId":8859306,"runnerName":"Tommy Paul","status":"ACTIVE","backPrice":1.18,"layPrice":1.2,"backSize":470.95,"laySize":2266.68}]},{"sport":"tennis","eventId":"32140580","marketId":"1.210531548","status":"OPEN","volume":12208,"runners":[{"selectionId":9626104,"runnerName":"Li Tu","status":"ACTIVE","backPrice":7.2,"layPrice":8,"backSize":96.33,"laySize":150.49},{"selectionId":27752969,"runnerName":"Luca Van Assche","status":"ACTIVE","backPrice":1.14,"layPrice":1.16,"backSize":2128.65,"laySize":585.51}]},{"sport":"tennis","eventId":"32143443","marketId":"1.210594173","status":"OPEN","volume":5109,"runners":[{"selectionId":7795590,"runnerName":"Despina Papamichail","status":"ACTIVE","backPrice":3.15,"layPrice":3.2,"backSize":54.02,"laySize":6.76},{"selectionId":6390243,"runnerName":"Ysaline Bonaventure","status":"ACTIVE","backPrice":1.45,"layPrice":1.47,"backSize":1191.32,"laySize":199.58}]},{"sport":"tennis","eventId":"32140590","marketId":"1.210531838","status":"OPEN","volume":1107,"runners":[{"selectionId":9629296,"runnerName":"Gijs Brouwer","status":"ACTIVE","backPrice":1.58,"layPrice":1.6,"backSize":63.9,"laySize":84.76},{"selectionId":12646384,"runnerName":"Emilio Nava","status":"ACTIVE","backPrice":2.68,"layPrice":2.72,"backSize":14.49,"laySize":37.12}]},{"sport":"tennis","eventId":"32143732","marketId":"1.210600526","status":"OPEN","volume":1168,"runners":[{"selectionId":6603914,"runnerName":"Guido Andreozzi","status":"ACTIVE","backPrice":10,"layPrice":11,"backSize":456.2,"laySize":41.05},{"selectionId":9629711,"runnerName":"Casper Ruud","status":"ACTIVE","backPrice":1.1,"layPrice":1.11,"backSize":410.49,"laySize":3960.44}]},{"sport":"tennis","eventId":"32140879","marketId":"1.210537918","status":"OPEN","volume":1018,"runners":[{"selectionId":7692106,"runnerName":"Laslo Djere","status":"ACTIVE","backPrice":1.29,"layPrice":1.31,"backSize":188.83,"laySize":111.5},{"selectionId":7053035,"runnerName":"Joao Sousa","status":"ACTIVE","backPrice":4.3,"layPrice":4.5,"backSize":33.97,"laySize":90.18}]},{"sport":"tennis","eventId":"32143173","marketId":"1.210586869","status":"OPEN","volume":41039,"runners":[{"selectionId":20955040,"runnerName":"Shintaro Mochizuki","status":"ACTIVE","backPrice":1.54,"layPrice":1.55,"backSize":13.92,"laySize":96.67},{"selectionId":3691700,"runnerName":"Illya Marchenko","status":"ACTIVE","backPrice":2.8,"layPrice":2.86,"backSize":53.51,"laySize":7.49}]},{"sport":"tennis","eventId":"32142875","marketId":"1.210582265","status":"OPEN","volume":53719,"runners":[{"selectionId":22360627,"runnerName":"Chak Lam Coleman Wong","status":"ACTIVE","backPrice":1.01,"layPrice":1.02,"backSize":68.26,"laySize":2095.19},{"selectionId":10460261,"runnerName":"Henri Squire","status":"ACTIVE","backPrice":50,"layPrice":290,"backSize":42.74,"laySize":31.24}]},{"sport":"tennis","eventId":"32141321","marketId":"1.210551472","status":"OPEN","volume":1152,"runners":[{"selectionId":6498878,"runnerName":"Marco Trungelliti","status":"ACTIVE","backPrice":2.72,"layPrice":2.76,"backSize":10.04,"laySize":157},{"selectionId":9953145,"runnerName":"Dominik Koepfer","status":"ACTIVE","backPrice":1.56,"layPrice":1.59,"backSize":306.86,"laySize":18.84}]},{"sport":"tennis","eventId":"32144544","marketId":"1.210628565","status":"OPEN","volume":4365,"runners":[{"selectionId":8284526,"runnerName":"T Wang","status":"ACTIVE","backPrice":null,"layPrice":1.02,"backSize":null,"laySize":879.12},{"selectionId":9627848,"runnerName":"M Rose","status":"ACTIVE","backPrice":50,"layPrice":990,"backSize":17.93,"laySize":2.2}]},{"sport":"tennis","eventId":"32144746","marketId":"1.210627777","status":"OPEN","volume":3448,"runners":[{"selectionId":38185233,"runnerName":"B Walker","status":"ACTIVE","backPrice":1.01,"layPrice":1.02,"backSize":294.28,"laySize":2308.58},{"selectionId":15121461,"runnerName":"T Papikian","status":"ACTIVE","backPrice":65,"layPrice":110,"backSize":15.12,"laySize":2.7}]},{"sport":"tennis","eventId":"32143256","marketId":"1.210590808","status":"OPEN","volume":938,"runners":[{"selectionId":11928538,"runnerName":"Keegan Smith","status":"ACTIVE","backPrice":2.06,"layPrice":2.14,"backSize":17.69,"laySize":7.81},{"selectionId":7412767,"runnerName":"Elmar Ejupovic","status":"ACTIVE","backPrice":1.88,"layPrice":1.95,"backSize":8.89,"laySize":18.69}]},{"sport":"tennis","eventId":"32142959","marketId":"1.210583361","status":"OPEN","volume":2573,"runners":[{"selectionId":52836503,"runnerName":"Gamiz/Gamarra Martins","status":"ACTIVE","backPrice":5.3,"layPrice":6,"backSize":50.92,"laySize":95.12},{"selectionId":10221543,"runnerName":"Christian/Santamaria","status":"ACTIVE","backPrice":1.2,"layPrice":1.24,"backSize":475.61,"laySize":217.66}]},{"sport":"tennis","eventId":"32135986","marketId":"1.210592608","status":"OPEN","volume":1519,"runners":[{"selectionId":19728221,"runnerName":"S Lazar","status":"ACTIVE","backPrice":11.5,"layPrice":null,"backSize":71.4,"laySize":null},{"selectionId":8679444,"runnerName":"G Craciun","status":"ACTIVE","backPrice":1.01,"layPrice":1.1,"backSize":74.32,"laySize":820.76}]}]