[
    {
        "appDomain": "20wicket.bet",
        "appName": "20WICKET",
        "appTheme": "#0a0c24",
        "appLogo": "20wicket.png"
    },
    {
        "appDomain": "bosscric.bet",
        "appName": "BOSSCRIC",
        "appTheme": "#0a0c24",
        "appLogo": "bosscric.png"
    },
    {
        "appDomain": "royal999.bet",
        "appName": "ROYAL999",
        "appTheme": "#0a0c24",
        "appLogo": "royal999.png"
    },
    {
        "appDomain": "maxx444.com",
        "appName": "MAXX444",
        "appTheme": "#0a0c24",
        "appLogo": "maxx444.png"
    },
    {
        "appDomain": "crichero.bet",
        "appName": "CRICHERO",
        "appTheme": "#0a0c24",
        "appLogo": "crichero.png"
    },
    {
        "appDomain": "bigboss444.com",
        "appName": "BIGBOSS444",
        "appTheme": "#0a0c24",
        "appLogo": "bigboss444.png"
    },
    {
        "appDomain": "24inplay.com",
        "appName": "24INPLAY",
        "appTheme": "#0a0c24",
        "appLogo": "24inplay.png"
    },
    {
        "appDomain": "royalking365.com",
        "appName": "ROYALKING365",
        "appTheme": "#0a0c24",
        "appLogo": "royalking365.png"
    },
    {
        "appDomain": "khelojeeto999.com",
        "appName": "KHELOJEETO999",
        "appTheme": "#0a0c24",
        "appLogo": "khelojeeto999.png"
    },
    {
        "appDomain": "khelojeeto888.com",
        "appName": "KHELOJEETO888",
        "appTheme": "#0a0c24",
        "appLogo": "khelojeeto888.png"
    },
    {
        "appDomain": "khelojeeto777.com",
        "appName": "KHELOJEETO777",
        "appTheme": "#0a0c24",
        "appLogo": "khelojeeto777.png"
    },
    {
        "appDomain": "khelojeeto666.com",
        "appName": "KHELOJEETO666",
        "appTheme": "#0a0c24",
        "appLogo": "khelojeeto666.png"
    },
    {
        "appDomain": "khelojeeto555.com",
        "appName": "KHELOJEETO555",
        "appTheme": "#0a0c24",
        "appLogo": "khelojeeto555.png"
    },
    {
        "appDomain": "khelojeeto444.com",
        "appName": "KHELOJEETO444",
        "appTheme": "#0a0c24",
        "appLogo": "khelojeeto444.png"
    },
    {
        "appDomain": "khelojeeto333.com",
        "appName": "KHELOJEETO333",
        "appTheme": "#0a0c24",
        "appLogo": "khelojeeto333.png"
    },
    {
        "appDomain": "khelojeeto222.com",
        "appName": "KHELOJEETO222",
        "appTheme": "#0a0c24",
        "appLogo": "khelojeeto222.png"
    },
    {
        "appDomain": "khelojeeto111.com",
        "appName": "KHELOJEETO111",
        "appTheme": "#0a0c24",
        "appLogo": "khelojeeto111.png"
    },
    {
        "appDomain": "khelojeeto000.com",
        "appName": "KHELOJEETO000",
        "appTheme": "#0a0c24",
        "appLogo": "khelojeeto000.png"
    },
    {
        "appDomain": "dreampr7.com",
        "appName": "DREAMPR7",
        "appTheme": "#0a0c24",
        "appLogo": "dreampr7.png"
    },
    {
        "appDomain": "goldexch777.com",
        "appName": "GOLDEXCH777",
        "appTheme": "#0a0c24",
        "appLogo": "goldexch777.png"
    },
    {
        "appDomain": "maazaplay.com",
        "appName": "MAAZAPLAY",
        "appTheme": "#0a0c24",
        "appLogo": "maazaplay.png"
    },
    {
        "appDomain": "bullet666.com",
        "appName": "BULLET666",
        "appTheme": "#0a0c24",
        "appLogo": "bullet666.png"
    },
    {
        "appDomain": "tdrexch247.com",
        "appName": "TDREXCH247",
        "appTheme": "#0a0c24",
        "appLogo": "tdrexch247.png"
    },
    {
        "appDomain": "danny07.com",
        "appName": "DANNY07",
        "appTheme": "#0a0c24",
        "appLogo": "danny07.png"
    },
    {
        "appDomain": "dreaminplayadmin.com",
        "appName": "DREAMINPLAYADMIN",
        "appTheme": "#0a0c24",
        "appLogo": "dreaminplay.png"
    } ,
    {
        "appDomain": "royal444.bet",
        "appName": "ROYAL444",
        "appTheme": "#0a0c24",
        "appLogo": "royal444.png"
    },
    {
        "appDomain": "aurainplay.com",
        "appName": "AURAINPLAY",
        "appTheme": "#0a0c24",
        "appLogo": "aurainplay.png"
    },
    {
        "appDomain": "parkinplay.com",
        "appName": "PARKINPLAY",
        "appTheme": "#0a0c24",
        "appLogo": "parkinplay.png"
    },
    {
        "appDomain": "fairinplay.com",
        "appName": "FAIRINPLAY",
        "appTheme": "#0a0c24",
        "appLogo": "fairinplay.png"
    },
    {
        "appDomain": "dreamplay.bet",
        "appName": "DREAMINPLAY",
        "appTheme": "#0a0c24",
        "appLogo": "dreamplay.png"
    },
    {
        "appDomain": "lotus777.bet",
        "appName": "LOTUS777",
        "appTheme": "#0a0c24",
        "appLogo": "lotus777.png"
    },
    {
        "appDomain": "aura444.bet",
        "appName": "AURA444",
        "appTheme": "#0a0c24",
        "appLogo": "aura444.png"
    },
    {
        "appDomain": "jokerexch.bet",
        "appName": "JOKEREXCH",
        "appTheme": "#0a0c24",
        "appLogo": "jokerexch.png"
    },
    {
        "appDomain": "crick247.bet",
        "appName": "CRICK247",
        "appTheme": "#0a0c24",
        "appLogo": "crick247.png"
    },
    {
        "appDomain": "firefly444.bet",
        "appName": "FIREFLY444",
        "appTheme": "#0a0c24",
        "appLogo": "firefly444.png"
    },
    {
        "appDomain": "aura999.bet",
        "appName": "AURA999",
        "appTheme": "#0a0c24",
        "appLogo": "aura999.png"
    },
    {
        "appDomain": "bet365day.co",
        "appName": "BET365DAY",
        "appTheme": "#0a0c24",
        "appLogo": "bet365day.png"
    }
]